Date,Equity,Cash,Positions
2016-12-20,1000000.0,1000000.0,0
2016-12-21,1000000.0,1000000.0,0
2016-12-22,1000000.0,1000000.0,0
2016-12-23,1000000.0,1000000.0,0
2016-12-26,1000000.0,1000000.0,0
2016-12-27,1000000.0,1000000.0,0
2016-12-28,1000000.0,1000000.0,0
2016-12-29,1000000.0,1000000.0,0
2016-12-30,1000000.0,1000000.0,0
2017-01-02,1000000.0,1000000.0,0
2017-01-03,1000000.0,1000000.0,0
2017-01-04,1000000.0,1000000.0,0
2017-01-05,1000000.0,1000000.0,0
2017-01-06,1000000.0,1000000.0,0
2017-01-09,1000000.0,1000000.0,0
2017-01-10,1000000.0,1000000.0,0
2017-01-11,1000000.0,1000000.0,0
2017-01-12,1000000.0,1000000.0,0
2017-01-13,1000000.0,1000000.0,0
2017-01-16,1000000.0,1000000.0,0
2017-01-17,1000000.0,1000000.0,0
2017-01-18,1000000.0,1000000.0,0
2017-01-19,1000000.0,1000000.0,0
2017-01-20,1000000.0,1000000.0,0
2017-01-23,1000000.0,1000000.0,0
2017-01-24,1000000.0,1000000.0,0
2017-01-25,1000000.0,1000000.0,0
2017-01-26,1000000.0,1000000.0,0
2017-01-27,1000000.0,1000000.0,0
2017-01-30,1000000.0,1000000.0,0
2017-01-31,1000000.0,1000000.0,0
2017-02-01,1000000.0,1000000.0,0
2017-02-02,1000000.0,1000000.0,0
2017-02-03,1000000.0,1000000.0,0
2017-02-06,1000000.0,1000000.0,0
2017-02-07,1000000.0,1000000.0,0
2017-02-08,1000000.0,1000000.0,0
2017-02-09,1000000.0,1000000.0,0
2017-02-10,1000000.0,1000000.0,0
2017-02-13,1000000.0,1000000.0,0
2017-02-14,1000000.0,1000000.0,0
2017-02-15,1000000.0,1000000.0,0
2017-02-16,1000000.0,1000000.0,0
2017-02-17,1000000.0,1000000.0,0
2017-02-20,1000000.0,1000000.0,0
2017-02-21,1000000.0,1000000.0,0
2017-02-22,1000000.0,1000000.0,0
2017-02-23,1000000.0,1000000.0,0
2017-02-24,1000000.0,1000000.0,0
2017-02-27,1000000.0,1000000.0,0
2017-02-28,1000000.0,1000000.0,0
2017-03-01,1000000.0,1000000.0,0
2017-03-02,1000000.0,1000000.0,0
2017-03-03,1000000.0,1000000.0,0
2017-03-06,1000000.0,1000000.0,0
2017-03-07,1000000.0,1000000.0,0
2017-03-08,1000000.0,1000000.0,0
2017-03-09,1000000.0,1000000.0,0
2017-03-10,1000000.0,1000000.0,0
2017-03-13,1000000.0,1000000.0,0
2017-03-14,1000000.0,1000000.0,0
2017-03-15,1000000.0,1000000.0,0
2017-03-16,1000000.0,1000000.0,0
2017-03-17,1000000.0,1000000.0,0
2017-03-20,1000000.0,1000000.0,0
2017-03-21,1000000.0,1000000.0,0
2017-03-22,1000000.0,1000000.0,0
2017-03-23,1000000.0,1000000.0,0
2017-03-24,1000000.0,1000000.0,0
2017-03-27,1000000.0,1000000.0,0
2017-03-28,1000000.0,1000000.0,0
2017-03-29,1000000.0,1000000.0,0
2017-03-30,1000000.0,1000000.0,0
2017-03-31,1000000.0,1000000.0,0
2017-04-03,1000000.0,1000000.0,0
2017-04-04,1000000.0,1000000.0,0
2017-04-05,1000000.0,1000000.0,0
2017-04-06,1000000.0,1000000.0,0
2017-04-07,1000000.0,1000000.0,0
2017-04-10,1000000.0,1000000.0,0
2017-04-11,1000000.0,1000000.0,0
2017-04-12,1000000.0,1000000.0,0
2017-04-13,1000000.0,1000000.0,0
2017-04-17,1000000.0,1000000.0,0
2017-04-18,1000000.0,1000000.0,0
2017-04-19,1000000.0,1000000.0,0
2017-04-20,1000000.0,1000000.0,0
2017-04-21,1000000.0,1000000.0,0
2017-04-24,1000000.0,1000000.0,0
2017-04-25,1000000.0,1000000.0,0
2017-04-26,1000000.0,1000000.0,0
2017-04-27,1000000.0,1000000.0,0
2017-04-28,1000000.0,1000000.0,0
2017-05-01,1000000.0,1000000.0,0
2017-05-02,1000000.0,1000000.0,0
2017-05-03,1000000.0,1000000.0,0
2017-05-04,1000000.0,1000000.0,0
2017-05-05,1000000.0,1000000.0,0
2017-05-08,1000000.0,1000000.0,0
2017-05-09,1000000.0,1000000.0,0
2017-05-10,1000000.0,1000000.0,0
2017-05-11,1000000.0,1000000.0,0
2017-05-12,1000000.0,1000000.0,0
2017-05-15,1000000.0,1000000.0,0
2017-05-16,1000000.0,1000000.0,0
2017-05-17,1000000.0,1000000.0,0
2017-05-18,1000000.0,1000000.0,0
2017-05-19,1000000.0,1000000.0,0
2017-05-22,1000000.0,1000000.0,0
2017-05-23,1000000.0,1000000.0,0
2017-05-24,1000000.0,1000000.0,0
2017-05-25,1000000.0,1000000.0,0
2017-05-26,1000000.0,1000000.0,0
2017-05-29,1000000.0,1000000.0,0
2017-05-30,1000000.0,1000000.0,0
2017-05-31,1000000.0,1000000.0,0
2017-06-01,1000660.76,900012.81,1
2017-06-02,999768.39,900012.81,1
2017-06-05,1000921.9,800434.4,2
2017-06-06,1000745.64,800434.4,2
2017-06-07,1011519.01,600748.7,4
2017-06-08,1011489.79,500829.57,5
2017-06-09,1017984.6,400852.8,6
2017-06-12,1021995.02,400852.8,6
2017-06-13,1022088.34,400852.8,6
2017-06-14,1034581.63,200951.54,8
2017-06-15,1047759.1,200951.54,8
2017-06-16,1051368.6,200951.54,8
2017-06-19,1045795.74,200951.54,8
2017-06-20,1036297.89,200951.54,8
2017-06-21,1031387.49,200951.54,8
2017-06-22,1027715.63,200951.54,8
2017-06-23,1007143.49,200951.54,8
2017-06-26,1007143.49,200951.54,8
2017-06-27,999694.38,200951.54,8
2017-06-28,995760.31,282498.73,7
2017-06-29,995737.81,282498.73,7
2017-06-30,998420.21,282498.73,7
2017-07-03,1011856.86,282498.73,7
2017-07-04,1012903.99,282498.73,7
2017-07-05,1017180.98,282498.73,7
2017-07-06,1013281.59,282498.73,7
2017-07-07,1017251.43,282498.73,7
2017-07-10,1017915.48,282498.73,7
2017-07-11,1011327.04,182511.56,8
2017-07-12,1019300.65,182511.56,8
2017-07-13,1038660.26,182511.56,8
2017-07-14,1028974.4,182511.56,8
2017-07-17,1027652.02,182511.56,8
2017-07-18,1026040.09,182511.56,8
2017-07-19,1032758.8,182511.56,8
2017-07-20,1022041.12,182511.56,8
2017-07-21,1018672.0,266731.52,7
2017-07-24,1017812.76,266731.52,7
2017-07-25,1021727.89,266731.52,7
2017-07-26,1021784.8,266731.52,7
2017-07-27,1012685.52,266731.52,7
2017-07-28,1014057.88,166954.43,8
2017-07-31,1006957.75,166954.43,8
2017-08-01,1005262.67,166954.43,8
2017-08-02,990031.21,66967.26,9
2017-08-03,988922.41,66967.26,9
2017-08-04,979169.23,66967.26,9
2017-08-07,989891.17,66967.26,9
2017-08-08,986065.84,147872.91,8
2017-08-09,970850.83,147872.91,8
2017-08-10,951367.91,147872.91,8
2017-08-11,949566.19,147872.91,8
2017-08-14,958162.55,147872.91,8
2017-08-15,958162.55,147872.91,8
2017-08-16,970451.74,147872.91,8
2017-08-17,974656.25,48080.51,9
2017-08-18,978122.65,48080.51,9
2017-08-21,978432.12,48080.51,9
2017-08-22,972996.02,48080.51,9
2017-08-23,979726.33,48080.51,9
2017-08-24,983362.68,48080.51,9
2017-08-25,983362.68,48080.51,9
2017-08-28,982120.13,48080.51,9
2017-08-29,972559.53,48080.51,9
2017-08-30,976040.09,48080.51,9
2017-08-31,980328.69,9.41,10
2017-09-01,990642.88,9.41,10
2017-09-04,976793.4,9.41,10
2017-09-05,981574.08,9.41,10
2017-09-06,978186.5,9.41,10
2017-09-07,986140.1,9.41,10
2017-09-08,984908.11,9.41,10
2017-09-11,987829.89,9.41,10
2017-09-12,992879.9,9.41,10
2017-09-13,985704.88,9.41,10
2017-09-14,989125.51,9.41,10
2017-09-15,982215.35,9.41,10
2017-09-18,1001110.1,9.41,10
2017-09-19,1000503.74,9.41,10
2017-09-20,1004008.41,9.41,10
2017-09-21,1000421.97,9.41,10
2017-09-22,975597.76,9.41,10
2017-09-25,957851.8,87488.33,9
2017-09-26,959299.91,87488.33,9
2017-09-27,944185.5,87488.33,9
2017-09-28,950947.87,180216.47,8
2017-09-29,958096.43,180216.47,8
2017-10-02,958096.43,180216.47,8
2017-10-03,960214.38,180216.47,8
2017-10-04,969251.66,81603.27,9
2017-10-05,976900.12,42.72,10
2017-10-06,980784.96,42.72,10
2017-10-09,979375.63,42.72,10
2017-10-10,987193.28,42.72,10
2017-10-11,977583.89,42.72,10
2017-10-12,983473.29,42.72,10
2017-10-13,985368.63,42.72,10
2017-10-16,990652.31,42.72,10
2017-10-17,991018.83,42.72,10
2017-10-18,997162.31,42.72,10
2017-10-19,992569.74,42.72,10
2017-10-20,992569.74,42.72,10
2017-10-23,1007037.61,42.72,10
2017-10-24,1003464.14,42.72,10
2017-10-25,991806.41,42.72,10
2017-10-26,996652.23,42.72,10
2017-10-27,999902.01,42.72,10
2017-10-30,1006488.85,42.72,10
2017-10-31,1013618.28,42.72,10
2017-11-01,1017332.91,42.72,10
2017-11-02,1020317.63,42.72,10
2017-11-03,1021241.78,42.72,10
2017-11-06,1022936.04,42.72,10
2017-11-07,1013455.31,42.72,10
2017-11-08,991873.25,42.72,10
2017-11-09,1002240.09,187691.72,8
2017-11-10,997648.68,88997.37,9
2017-11-13,1004925.08,45.48,10
2017-11-14,997116.94,45.48,10
2017-11-15,971182.01,45.48,10
2017-11-16,978542.07,87406.12,9
2017-11-17,995640.08,87406.12,9
2017-11-20,1010826.93,32.92,10
2017-11-21,1025834.13,32.92,10
2017-11-22,1042362.49,32.92,10
2017-11-23,1045573.64,32.92,10
2017-11-24,1057924.65,32.92,10
2017-11-27,1070720.47,32.92,10
2017-11-28,1098098.71,32.92,10
2017-11-29,1095419.92,32.92,10
2017-11-30,1083609.3,21.76,10
2017-12-01,1069624.29,21.76,10
2017-12-04,1069075.12,21.76,10
2017-12-05,1077898.53,21.76,10
2017-12-06,1072241.72,21.76,10
2017-12-07,1088452.24,21.76,10
2017-12-08,1089543.31,21.76,10
2017-12-11,1093986.57,21.76,10
2017-12-12,1081302.45,21.76,10
2017-12-13,1074050.52,21.76,10
2017-12-14,1070173.52,21.76,10
2017-12-15,1088199.17,21.76,10
2017-12-18,1102877.29,21.76,10
2017-12-19,1128108.51,21.76,10
2017-12-20,1140016.87,21.76,10
2017-12-21,1138898.41,21.76,10
2017-12-22,1140668.82,21.76,10
2017-12-26,1143097.32,21.76,10
2017-12-27,1133996.37,21.76,10
2017-12-28,1141752.88,21.76,10
2017-12-29,1142327.75,21.76,10
2018-01-01,1154773.3,21.76,10
2018-01-02,1150132.25,21.76,10
2018-01-03,1155878.91,21.76,10
2018-01-04,1152842.79,21.76,10
2018-01-05,1172302.28,21.76,10
2018-01-08,1175878.42,21.76,10
2018-01-09,1174861.02,21.76,10
2018-01-10,1175410.11,21.76,10
2018-01-11,1186256.83,21.76,10
2018-01-12,1182165.51,21.76,10
2018-01-15,1181664.33,21.76,10
2018-01-16,1152573.01,21.76,10
2018-01-17,1158335.09,21.76,10
2018-01-18,1137897.1,21.76,10
2018-01-19,1144793.34,21.76,10
2018-01-22,1156676.34,21.76,10
2018-01-23,1167068.2,21.76,10
2018-01-24,1162411.7,21.76,10
2018-01-25,1157097.81,397.51,10
2018-01-26,1157097.81,397.51,10
2018-01-29,1150161.87,397.51,10
2018-01-30,1142723.4,397.51,10
2018-01-31,1144983.84,397.51,10
2018-02-01,1152379.28,397.51,10
2018-02-02,1099002.49,397.51,10
2018-02-05,1075236.4,143798.42,8
2018-02-06,1058187.73,143798.42,8
2018-02-07,1084150.46,143798.42,8
2018-02-08,1105864.19,143798.42,8
2018-02-09,1099043.63,143798.42,8
2018-02-12,1122281.2,143798.42,8
2018-02-13,1122281.2,143798.42,8
2018-02-14,1132331.83,143798.42,8
2018-02-15,1114903.08,143798.42,8
2018-02-16,1100320.76,143798.42,8
2018-02-19,1088029.21,143798.42,8
2018-02-20,1083907.85,238643.76,7
2018-02-21,1080161.74,238643.76,7
2018-02-22,1071072.79,238643.76,7
2018-02-23,1086423.46,238643.76,7
2018-02-26,1102651.49,138755.67,8
2018-02-27,1102733.36,138755.67,8
2018-02-28,1105310.27,138755.67,8
2018-03-01,1107694.79,138755.67,8
2018-03-02,1107694.79,138755.67,8
2018-03-05,1096949.66,138755.67,8
2018-03-06,1099252.95,138755.67,8
2018-03-07,1083987.49,138755.67,8
2018-03-08,1097873.72,138755.67,8
2018-03-09,1097556.59,138755.67,8
2018-03-12,1100734.76,138755.67,8
2018-03-13,1100516.09,138755.67,8
2018-03-14,1097363.37,73330.58,8
2018-03-15,1099852.58,73330.58,8
2018-03-16,1077425.26,59.72,9
2018-03-19,1057825.27,59.72,9
2018-03-20,1052252.49,100251.13,8
2018-03-21,1055263.17,100251.13,8
2018-03-22,1044453.86,100251.13,8
2018-03-23,1033689.37,100251.13,8
2018-03-26,1041190.01,100251.13,8
2018-03-27,1054572.56,100251.13,8
2018-03-28,1051301.26,338.13,9
2018-03-29,1051301.26,338.13,9
2018-04-02,1074203.12,338.13,9
2018-04-03,1093640.47,338.13,9
2018-04-04,1088541.66,338.13,9
2018-04-05,1102470.42,338.13,9
2018-04-06,1103862.68,338.13,9
2018-04-09,1097950.22,338.13,9
2018-04-10,1101834.07,338.13,9
2018-04-11,1105746.78,338.13,9
2018-04-12,1102007.92,338.13,9
2018-04-13,1100483.6,338.13,9
2018-04-16,1102690.43,338.13,9
2018-04-17,1111803.76,338.13,9
2018-04-18,1115161.92,338.13,9
2018-04-19,1130965.16,338.13,9
2018-04-20,1135621.37,338.13,9
2018-04-23,1143792.68,25.39,10
2018-04-24,1147191.87,25.39,10
2018-04-25,1140010.93,25.39,10
2018-04-26,1144011.79,25.39,10
2018-04-27,1148048.05,25.39,10
2018-04-30,1155250.5,25.39,10
2018-05-01,1155250.5,25.39,10
2018-05-02,1149137.18,25.39,10
2018-05-03,1144290.23,25.39,10
2018-05-04,1144671.42,25.39,10
2018-05-07,1141390.19,25.39,10
2018-05-08,1143445.33,25.39,10
2018-05-09,1143763.99,25.39,10
2018-05-10,1131275.13,25.39,10
2018-05-11,1137848.41,25.39,10
2018-05-14,1136025.82,25.39,10
2018-05-15,1133539.85,25.39,10
2018-05-16,1131943.27,25.39,10
2018-05-17,1135063.81,25.39,10
2018-05-18,1131155.78,25.39,10
2018-05-21,1117495.98,25.39,10
2018-05-22,1115719.93,88533.04,9
2018-05-23,1120958.78,80077.66,9
2018-05-24,1108635.78,80077.66,9
2018-05-25,1109719.46,80077.66,9
2018-05-28,1119939.96,80077.66,9
2018-05-29,1120412.24,165.89,10
2018-05-30,1111073.49,165.89,10
2018-05-31,1112526.61,165.89,10
2018-06-01,1101504.05,429.02,9
2018-06-04,1084594.14,429.02,9
2018-06-05,1051712.35,429.02,9
2018-06-06,1070108.33,429.02,9
2018-06-07,1070463.51,429.02,9
2018-06-08,1060693.62,429.02,9
2018-06-11,1063196.66,429.02,9
2018-06-12,1072885.74,13058.62,9
2018-06-13,1078188.83,13058.62,9
2018-06-14,1081690.45,13058.62,9
2018-06-15,1073994.74,195.75,10
2018-06-18,1070077.81,195.75,10
2018-06-19,1055444.43,195.75,10
2018-06-20,1062757.37,195.75,10
2018-06-21,1058378.53,195.75,10
2018-06-22,1063538.06,195.75,10
2018-06-25,1061857.02,195.75,10
2018-06-26,1071024.6,195.75,10
2018-06-27,1051855.66,195.75,10
2018-06-28,1040262.0,131045.87,9
2018-06-29,1056305.62,141917.88,8
2018-07-02,1050556.18,42575.95,9
2018-07-03,1055454.62,42575.95,9
2018-07-04,1059838.97,42575.95,9
2018-07-05,1053616.56,42575.95,9
2018-07-06,1057444.97,42575.95,9
2018-07-09,1057881.05,42575.95,9
2018-07-10,1065359.22,42575.95,9
2018-07-11,1067511.58,42575.95,9
2018-07-12,1064248.81,42575.95,9
2018-07-13,1061452.58,42575.95,9
2018-07-16,1045664.04,42575.95,9
2018-07-17,1066825.39,42575.95,9
2018-07-18,1049631.52,42575.95,9
2018-07-19,1047869.95,42575.95,9
2018-07-20,1045477.78,42575.95,9
2018-07-23,1052557.58,125910.67,8
2018-07-24,1048407.96,26392.03,9
2018-07-25,1049397.06,26392.03,9
2018-07-26,1051155.99,26392.03,9
2018-07-27,1056234.35,14683.96,9
2018-07-30,1046991.54,14683.96,9
2018-07-31,1061216.67,275.85,10
2018-08-01,1080128.18,275.85,10
2018-08-02,1070172.23,67654.4,9
2018-08-03,1069299.06,67654.4,9
2018-08-06,1077249.01,128.26,10
2018-08-07,1085110.58,128.26,10
2018-08-08,1089642.05,128.26,10
2018-08-09,1096252.91,128.26,10
2018-08-10,1097719.62,128.26,10
2018-08-13,1088007.61,128.26,10
2018-08-14,1100424.7,128.26,10
2018-08-15,1100424.7,128.26,10
2018-08-16,1091100.92,128.26,10
2018-08-17,1094244.88,128.26,10
2018-08-20,1092844.51,128.26,10
2018-08-21,1093116.64,128.26,10
2018-08-22,1093116.64,128.26,10
2018-08-23,1109692.71,128.26,10
2018-08-24,1103425.0,128.26,10
2018-08-27,1104066.61,128.26,10
2018-08-28,1116478.89,133053.61,9
2018-08-29,1119151.14,33139.46,10
2018-08-30,1119148.3,33139.46,10
2018-08-31,1119344.24,33139.46,10
2018-09-03,1103844.57,33139.46,10
2018-09-04,1071503.35,33139.46,10
2018-09-05,1061637.59,33139.46,10
2018-09-06,1065118.29,33139.46,10
2018-09-07,1077250.54,33139.46,10
2018-09-10,1058826.4,33139.46,10
2018-09-11,1044864.13,33139.46,10
2018-09-12,1053410.2,33139.46,10
2018-09-13,1053410.2,33139.46,10
2018-09-14,1057755.25,33139.46,10
2018-09-17,1069357.49,33139.46,10
2018-09-18,1060392.99,33139.46,10
2018-09-19,1056356.57,33139.46,10
2018-09-20,1056356.57,33139.46,10
2018-09-21,1041388.67,33139.46,10
2018-09-24,1020919.35,33139.46,10
2018-09-25,1018551.2,33139.46,10
2018-09-26,1024733.05,33139.46,10
2018-09-27,1011304.1,33139.46,10
2018-09-28,997350.16,33139.46,10
2018-10-01,988367.1,215165.4,9
2018-10-02,988367.1,215165.4,9
2018-10-03,974280.95,215165.4,9
2018-10-04,960413.04,391734.67,7
2018-10-05,956918.33,562880.74,5
2018-10-08,954246.62,562880.74,5
2018-10-09,951845.5,562880.74,5
2018-10-10,958100.16,654252.25,4
2018-10-11,954664.69,654252.25,4
2018-10-12,960614.18,654252.25,4
2018-10-15,961894.14,654252.25,4
2018-10-16,965246.92,654252.25,4
2018-10-17,958829.43,654252.25,4
2018-10-18,958829.43,654252.25,4
2018-10-19,955581.44,654252.25,4
2018-10-22,954967.43,654252.25,4
2018-10-23,949452.51,654252.25,4
2018-10-24,954611.97,654252.25,4
2018-10-25,958474.92,654252.25,4
2018-10-26,959145.37,654252.25,4
2018-10-29,965595.7,654252.25,4
2018-10-30,965879.77,654252.25,4
2018-10-31,975094.74,654252.25,4
2018-11-01,978961.07,654252.25,4
2018-11-02,977896.26,667848.99,3
2018-11-05,977076.24,667848.99,3
2018-11-06,978909.71,667848.99,3
2018-11-07,980171.82,667848.99,3
2018-11-08,980171.82,667848.99,3
2018-11-09,980837.89,667848.99,3
2018-11-12,978362.28,667848.99,3
2018-11-13,979752.1,667848.99,3
2018-11-14,979851.71,667848.99,3
2018-11-15,981780.42,667848.99,3
2018-11-16,984402.71,667848.99,3
2018-11-19,979608.09,667848.99,3
2018-11-20,976256.1,667848.99,3
2018-11-21,974493.92,667848.99,3
2018-11-22,973713.84,667848.99,3
2018-11-23,973713.84,667848.99,3
2018-11-26,977293.44,667848.99,3
2018-11-27,981998.33,667848.99,3
2018-11-28,985431.5,667848.99,3
2018-11-29,985409.15,667848.99,3
2018-11-30,994653.55,667848.99,3
2018-12-03,995935.89,667848.99,3
2018-12-04,992969.15,667848.99,3
2018-12-05,990050.83,667848.99,3
2018-12-06,985299.52,667848.99,3
2018-12-07,988514.16,667848.99,3
2018-12-10,983411.27,667848.99,3
2018-12-11,992304.0,667848.99,3
2018-12-12,1000167.4,667848.99,3
2018-12-13,1003660.32,667848.99,3
2018-12-14,1003858.37,667848.99,3
2018-12-17,1005776.11,667848.99,3
2018-12-18,1003768.78,667848.99,3
2018-12-19,1009550.74,667848.99,3
2018-12-20,1009768.18,667848.99,3
2018-12-21,1007471.2,667848.99,3
2018-12-24,1004678.91,667848.99,3
2018-12-26,1000674.38,667848.99,3
2018-12-27,1006101.74,667848.99,3
2018-12-28,1012451.93,667848.99,3
2018-12-31,1009683.71,667848.99,3
2019-01-01,1008035.07,667848.99,3
2019-01-02,1006756.76,667848.99,3
2019-01-03,1010142.55,667848.99,3
2019-01-04,1006617.47,667848.99,3
2019-01-07,1007079.49,667848.99,3
2019-01-08,1010269.25,667848.99,3
2019-01-09,1015795.6,667848.99,3
2019-01-10,1020921.2,667848.99,3
2019-01-11,1018993.39,667848.99,3
2019-01-14,1019432.84,667848.99,3
2019-01-15,1020924.0,667848.99,3
2019-01-16,1020136.35,667848.99,3
2019-01-17,1017496.95,667848.99,3
2019-01-18,1019423.65,667848.99,3
2019-01-21,1017578.85,667848.99,3
2019-01-22,1019160.72,667848.99,3
2019-01-23,1021323.32,667848.99,3
2019-01-24,1021008.74,667848.99,3
2019-01-25,1015719.38,667848.99,3
2019-01-28,1011992.71,667848.99,3
2019-01-29,1014332.0,667848.99,3
2019-01-30,1013262.54,667848.99,3
2019-01-31,1014939.5,667848.99,3
2019-02-01,1017772.12,667848.99,3
2019-02-04,1023985.17,667848.99,3
2019-02-05,1023379.16,667848.99,3
2019-02-06,1025616.96,667848.99,3
2019-02-07,1026525.33,667848.99,3
2019-02-08,1019800.77,667848.99,3
2019-02-11,1014627.97,667848.99,3
2019-02-12,1014151.05,667848.99,3
2019-02-13,1014151.05,667848.99,3
2019-02-14,1018984.36,667848.99,3
2019-02-15,1017530.39,667848.99,3
2019-02-18,1016027.31,667848.99,3
2019-02-19,1017845.24,667848.99,3
2019-02-20,1018745.56,667848.99,3
2019-02-21,1021536.68,667848.99,3
2019-02-22,1025709.87,667848.99,3
2019-02-25,1029015.33,667848.99,3
2019-02-26,1028811.26,667848.99,3
2019-02-27,1026239.07,667848.99,3
2019-02-28,1023857.51,667848.99,3
2019-03-01,1019844.11,667848.99,3
2019-03-04,1019844.11,667848.99,3
2019-03-05,1022936.66,667848.99,3
2019-03-06,1026278.31,667848.99,3
2019-03-07,1024370.5,667848.99,3
2019-03-08,1020938.99,667848.99,3
2019-03-11,1025002.72,667848.99,3
2019-03-12,1032107.9,667848.99,3
2019-03-13,1031951.84,667848.99,3
2019-03-14,1035456.21,667848.99,3
2019-03-15,1031667.76,667848.99,3
2019-03-18,1027094.3,468054.24,5
2019-03-19,1030859.2,468054.24,5
2019-03-20,1024827.01,468054.24,5
2019-03-21,1024827.01,468054.24,5
2019-03-22,1023189.5,468054.24,5
2019-03-25,1014459.45,468054.24,5
2019-03-26,1023452.33,468054.24,5
2019-03-27,1034911.92,468054.24,5
2019-03-28,1042742.0,468054.24,5
2019-03-29,1042742.0,468054.24,5
2019-04-01,1032752.39,468054.24,5
2019-04-02,1023137.96,268292.43,7
2019-04-03,1019609.75,268292.43,7
2019-04-04,1018901.35,268292.43,7
2019-04-05,1020882.52,268292.43,7
2019-04-08,1007759.31,268292.43,7
2019-04-09,1014546.84,268292.43,7
2019-04-10,1010443.32,268292.43,7
2019-04-11,1008145.21,268292.43,7
2019-04-12,1015357.48,268292.43,7
2019-04-15,1017155.49,268292.43,7
2019-04-16,1024349.94,268292.43,7
2019-04-17,1024349.94,268292.43,7
2019-04-18,1017804.69,268292.43,7
2019-04-22,1012038.27,268292.43,7
2019-04-23,1018512.93,268292.43,7
2019-04-24,1019914.57,268292.43,7
2019-04-25,1017977.12,268292.43,7
2019-04-26,1015981.65,268292.43,7
2019-04-29,1015981.65,268292.43,7
2019-04-30,1016901.31,268292.43,7
2019-05-01,1016901.31,268292.43,7
2019-05-02,1014780.79,268292.43,7
2019-05-03,1012547.36,268292.43,7
2019-05-06,995942.46,268292.43,7
2019-05-07,988607.81,268292.43,7
2019-05-08,986706.93,351552.51,6
2019-05-09,986437.0,422140.31,5
2019-05-10,984344.94,422140.31,5
2019-05-13,981031.84,422140.31,5
2019-05-14,978762.07,422140.31,5
2019-05-15,981092.95,551565.83,4
2019-05-16,984944.96,551565.83,4
2019-05-17,990879.43,551565.83,4
2019-05-20,993648.1,551565.83,4
2019-05-21,1000627.08,551565.83,4
2019-05-22,1008924.0,551565.83,4
2019-05-23,1009306.92,551565.83,4
2019-05-24,1006787.52,551565.83,4
2019-05-27,1011037.73,451701.5,5
2019-05-28,1009817.89,451701.5,5
2019-05-29,1003644.86,352405.58,6
2019-05-30,999494.2,252481.07,7
2019-05-31,997563.03,153348.8,8
2019-06-03,1007604.49,153348.8,8
2019-06-04,1007303.81,153348.8,8
2019-06-05,1007303.81,153348.8,8
2019-06-06,998722.27,153348.8,8
2019-06-07,999010.1,153348.8,8
2019-06-10,1002263.83,153348.8,8
2019-06-11,1010777.53,153348.8,8
2019-06-12,1008401.6,153348.8,8
2019-06-13,1006462.23,153348.8,8
2019-06-14,1003753.96,153348.8,8
2019-06-17,999412.09,153348.8,8
2019-06-18,994273.99,153348.8,8
2019-06-19,999455.34,153348.8,8
2019-06-20,1006000.57,153348.8,8
2019-06-21,997417.7,153348.8,8
2019-06-24,997738.41,137822.94,8
2019-06-25,998876.09,137822.94,8
2019-06-26,1004064.15,137822.94,8
2019-06-27,1010796.13,137822.94,8
2019-06-28,1006255.42,137822.94,8
2019-07-01,1013702.36,137822.94,8
2019-07-02,1012999.92,137822.94,8
2019-07-03,1010526.36,137822.94,8
2019-07-04,1005113.24,137822.94,8
2019-07-05,993922.7,137822.94,8
2019-07-08,978234.94,137822.94,8
2019-07-09,983570.54,225524.46,7
2019-07-10,975720.25,225524.46,7
2019-07-11,975997.53,225524.46,7
2019-07-12,977183.47,225524.46,7
2019-07-15,970073.94,225524.46,7
2019-07-16,977456.71,225524.46,7
2019-07-17,981519.15,225524.46,7
2019-07-18,977780.39,225524.46,7
2019-07-19,959803.04,225524.46,7
2019-07-22,947033.84,225524.46,7
2019-07-23,948097.5,309496.18,6
2019-07-24,946102.37,309496.18,6
2019-07-25,949825.09,309496.18,6
2019-07-26,947676.31,399329.03,5
2019-07-29,945121.62,399329.03,5
2019-07-30,940727.68,399329.03,5
2019-07-31,940341.32,399329.03,5
2019-08-01,943032.85,399329.03,5
2019-08-02,945576.22,487142.0,4
2019-08-05,951377.79,487142.0,4
2019-08-06,958155.53,487142.0,4
2019-08-07,954749.47,487142.0,4
2019-08-08,957953.94,487142.0,4
2019-08-09,961527.26,487142.0,4
2019-08-12,961527.26,487142.0,4
2019-08-13,962408.17,487142.0,4
2019-08-14,968282.21,487142.0,4
2019-08-15,968282.21,487142.0,4
2019-08-16,981963.78,487142.0,4
2019-08-19,985374.26,487142.0,4
2019-08-20,986248.29,487142.0,4
2019-08-21,987066.02,487142.0,4
2019-08-22,982483.83,487142.0,4
2019-08-23,982170.67,487142.0,4
2019-08-26,984684.24,487142.0,4
2019-08-27,987696.92,487142.0,4
2019-08-28,988484.08,487142.0,4
2019-08-29,988349.53,487142.0,4
2019-08-30,998654.29,487142.0,4
2019-09-03,986950.73,487142.0,4
2019-09-04,997357.79,487142.0,4
2019-09-05,993029.22,487142.0,4
2019-09-06,997132.85,487142.0,4
2019-09-09,1002379.5,487142.0,4
2019-09-10,1002379.5,487142.0,4
2019-09-11,1005072.82,487142.0,4
2019-09-12,1001489.48,487142.0,4
2019-09-13,1010650.19,487142.0,4
2019-09-16,1004130.56,487142.0,4
2019-09-17,997177.5,487142.0,4
2019-09-18,998893.41,487142.0,4
2019-09-19,994211.74,487142.0,4
2019-09-20,1023705.16,487142.0,4
2019-09-23,1045282.86,487142.0,4
2019-09-24,1042704.64,487142.0,4
2019-09-25,1036456.28,487142.0,4
2019-09-26,1033777.05,487142.0,4
2019-09-27,1035540.31,487142.0,4
2019-09-30,1032934.32,487142.0,4
2019-10-01,1026120.15,487142.0,4
2019-10-02,1026120.15,487142.0,4
2019-10-03,1030062.89,487142.0,4
2019-10-04,1024679.95,487142.0,4
2019-10-07,1022712.28,487142.0,4
2019-10-08,1022712.28,487142.0,4
2019-10-09,1029432.52,487142.0,4
2019-10-10,1028450.85,487142.0,4
2019-10-11,1033177.95,487142.0,4
2019-10-14,1036316.93,487142.0,4
2019-10-15,1032200.78,487142.0,4
2019-10-16,1030934.89,487142.0,4
2019-10-17,1036630.51,487142.0,4
2019-10-18,1048826.61,487142.0,4
2019-10-21,1048826.61,487142.0,4
2019-10-22,1052257.9,487142.0,4
2019-10-23,1051479.59,487142.0,4
2019-10-24,1051171.19,487142.0,4
2019-10-25,1053186.83,576528.67,3
2019-10-27,1061983.33,576528.67,3
2019-10-28,1061983.33,576528.67,3
2019-10-29,1063897.18,576528.67,3
2019-10-30,1059176.18,576528.67,3
2019-10-31,1059177.84,576528.67,3
2019-11-01,1045621.87,576528.67,3
2019-11-04,1040012.85,576528.67,3
2019-11-05,1042855.19,576528.67,3
2019-11-06,1042568.89,576528.67,3
2019-11-07,1045946.12,576528.67,3
2019-11-08,1032655.47,576528.67,3
2019-11-11,1034472.48,576528.67,3
2019-11-12,1034472.48,576528.67,3
2019-11-13,1031860.14,576528.67,3
2019-11-14,1043557.32,177164.0,7
2019-11-15,1033407.54,13.6,9
2019-11-18,1028923.96,13.6,9
2019-11-19,1035421.6,13.6,9
2019-11-20,1023295.72,13.6,9
2019-11-21,1009762.17,13.6,9
2019-11-22,1011366.33,13.6,9
2019-11-25,1012055.02,13.6,9
2019-11-26,1016434.51,13.6,9
2019-11-27,1028474.78,13.6,9
2019-11-28,1030728.63,13.6,9
2019-11-29,1030014.02,13.6,9
2019-12-02,1023801.45,13.6,9
2019-12-03,1027398.03,49.36,10
2019-12-04,1021362.98,49.36,10
2019-12-05,1017193.73,49.36,10
2019-12-06,1012018.85,49.36,10
2019-12-09,1006647.24,49.36,10
2019-12-10,988650.58,49.36,10
2019-12-11,993207.66,150.42,10
2019-12-12,989540.22,150.42,10
2019-12-13,990443.01,150.42,10
2019-12-16,987759.15,150.42,10
2019-12-17,995553.26,150.42,10
2019-12-18,993834.91,150.42,10
2019-12-19,998939.93,150.42,10
2019-12-20,1002535.84,150.42,10
2019-12-23,998999.25,150.42,10
2019-12-24,999667.84,150.42,10
2019-12-26,1007243.25,150.42,10
2019-12-27,1011434.06,150.42,10
2019-12-30,1016383.17,150.42,10
2019-12-31,1006862.0,150.42,10
2020-01-01,1013357.29,150.42,10
2020-01-02,1024197.59,150.42,10
2020-01-03,1020890.3,150.42,10
2020-01-06,1007136.88,150.42,10
2020-01-07,1015176.84,150.42,10
2020-01-08,1025801.52,150.42,10
2020-01-09,1045494.29,150.42,10
2020-01-10,1044578.3,150.42,10
2020-01-13,1049320.51,150.42,10
2020-01-14,1059772.57,150.42,10
2020-01-15,1072530.1,150.42,10
2020-01-16,1086771.93,150.42,10
2020-01-17,1095898.13,150.42,10
2020-01-20,1092459.3,150.42,10
2020-01-21,1091500.06,150.42,10
2020-01-22,1087758.84,150.42,10
2020-01-23,1099627.25,150.42,10
2020-01-24,1120718.5,150.42,10
2020-01-27,1122269.94,150.42,10
2020-01-28,1123196.58,150.42,10
2020-01-29,1112567.04,150.42,10
2020-01-30,1101673.41,150.42,10
2020-01-31,1106313.64,150.42,10
2020-02-03,1087922.87,150.42,10
2020-02-04,1103482.95,150.42,10
2020-02-05,1114086.54,150.42,10
2020-02-06,1116070.2,150.42,10
2020-02-07,1141221.83,150.42,10
2020-02-10,1156313.64,150.42,10
2020-02-11,1155061.4,150.42,10
2020-02-12,1167449.31,150.42,10
2020-02-13,1186611.97,150.42,10
2020-02-14,1193188.64,150.42,10
2020-02-17,1176306.5,150.42,10
2020-02-18,1159137.23,150.42,10
2020-02-19,1183707.51,150.42,10
2020-02-20,1190575.32,150.42,10
2020-02-21,1190575.32,150.42,10
2020-02-24,1182698.83,150.42,10
2020-02-25,1161404.25,150.42,10
2020-02-26,1148733.41,150.42,10
2020-02-27,1140824.8,150.42,10
2020-02-28,1127776.95,150.42,10
2020-03-02,1127702.34,52455.48,9
2020-03-03,1149081.66,53075.7,8
2020-03-04,1130622.76,53075.7,8
2020-03-05,1138180.72,53075.7,8
2020-03-06,1128582.68,53075.7,8
2020-03-09,1089260.01,228787.81,7
2020-03-10,1089260.01,228787.81,7
2020-03-11,1080439.96,228787.81,7
2020-03-12,1024157.24,228787.81,7
2020-03-13,1036247.97,395070.03,5
2020-03-16,1005284.86,395070.03,5
2020-03-17,996585.51,395070.03,5
2020-03-18,950072.87,395070.03,5
2020-03-19,928551.47,595558.26,3
2020-03-20,936279.79,712950.68,2
2020-03-23,923966.18,712950.68,2
2020-03-24,932948.78,712950.68,2
2020-03-25,930915.92,712950.68,2
2020-03-26,928736.62,712950.68,2
2020-03-27,925310.85,712950.68,2
2020-03-30,928395.39,712950.68,2
2020-03-31,938376.78,712950.68,2
2020-04-01,938171.45,712950.68,2
2020-04-02,938171.45,712950.68,2
2020-04-03,925291.6,712950.68,2
2020-04-06,925291.6,712950.68,2
2020-04-07,942375.17,712950.68,2
2020-04-08,958244.73,712950.68,2
2020-04-09,957703.56,712950.68,2
2020-04-13,954066.2,712950.68,2
2020-04-14,954066.2,712950.68,2
2020-04-15,950973.38,712950.68,2
2020-04-16,951719.77,712950.68,2
2020-04-17,953313.93,712950.68,2
2020-04-20,959824.72,712950.68,2
2020-04-21,967060.02,712950.68,2
2020-04-22,963511.42,712950.68,2
2020-04-23,961281.32,712950.68,2
2020-04-24,966724.71,712950.68,2
2020-04-27,971776.28,712950.68,2
2020-04-28,970110.54,712950.68,2
2020-04-29,968609.39,712950.68,2
2020-04-30,968178.65,712950.68,2
2020-05-01,968178.65,712950.68,2
2020-05-04,966274.75,712950.68,2
2020-05-05,964708.88,712950.68,2
2020-05-06,970184.1,712950.68,2
2020-05-07,972516.01,712950.68,2
2020-05-08,980045.86,712950.68,2
2020-05-11,980301.59,712950.68,2
2020-05-12,978733.71,712950.68,2
2020-05-13,974273.76,712950.68,2
2020-05-14,981077.33,712950.68,2
2020-05-15,981261.06,712950.68,2
2020-05-18,976837.18,712950.68,2
2020-05-19,974821.33,712950.68,2
2020-05-20,985109.42,712950.68,2
2020-05-21,989541.36,712950.68,2
2020-05-22,986143.42,712950.68,2
2020-05-26,989679.56,712950.68,2
2020-05-27,981681.88,712950.68,2
2020-05-28,979818.11,712950.68,2
2020-05-29,982439.24,712950.68,2
2020-06-01,986375.46,712950.68,2
2020-06-02,991392.86,712950.68,2
2020-06-03,986069.88,712950.68,2
2020-06-04,987527.14,712950.68,2
2020-06-05,988166.27,712950.68,2
2020-06-08,990138.57,712950.68,2
2020-06-09,986429.17,712950.68,2
2020-06-10,993656.08,712950.68,2
2020-06-11,990433.98,712950.68,2
2020-06-12,992273.75,712950.68,2
2020-06-15,995509.24,712950.68,2
2020-06-16,998641.97,712950.68,2
2020-06-17,993603.02,712950.68,2
2020-06-18,996494.21,712950.68,2
2020-06-19,998985.37,712950.68,2
2020-06-22,1002567.24,712950.68,2
2020-06-23,1006384.8,712950.68,2
2020-06-24,997668.24,712950.68,2
2020-06-25,999746.16,712950.68,2
2020-06-26,999647.31,712950.68,2
2020-06-29,1003085.53,712950.68,2
2020-06-30,1003362.21,712950.68,2
2020-07-01,1000861.31,712950.68,2
2020-07-02,1003253.1,712950.68,2
2020-07-03,1004602.5,712950.68,2
2020-07-06,1006101.88,712950.68,2
2020-07-07,1001499.38,712950.68,2
2020-07-08,1001053.04,712950.68,2
2020-07-09,1002220.43,712950.68,2
2020-07-10,1004747.5,712950.68,2
2020-07-13,1002248.05,712950.68,2
2020-07-14,1003213.93,712950.68,2
2020-07-15,1002607.11,712950.68,2
2020-07-16,1014052.99,712950.68,2
2020-07-17,1016234.55,712950.68,2
2020-07-20,1014698.54,712950.68,2
2020-07-21,1012428.39,712950.68,2
2020-07-22,1011482.91,712950.68,2
2020-07-23,1015598.72,712950.68,2
2020-07-24,1017348.68,712950.68,2
2020-07-27,1011706.86,712950.68,2
2020-07-28,1011086.55,712950.68,2
2020-07-29,1015069.16,712950.68,2
2020-07-30,1013538.86,712950.68,2
2020-07-31,1026371.37,712950.68,2
2020-08-03,1026668.14,712950.68,2
2020-08-04,1036304.77,712950.68,2
2020-08-05,1033193.21,712950.68,2
2020-08-06,1034982.94,712950.68,2
2020-08-07,1033332.2,712950.68,2
2020-08-10,1046325.48,712950.68,2
2020-08-11,1044930.79,712950.68,2
2020-08-12,1046865.02,712950.68,2
2020-08-13,1045052.91,712950.68,2
2020-08-14,1045405.82,712950.68,2
2020-08-17,1046193.52,712950.68,2
2020-08-18,1046837.15,712950.68,2
2020-08-19,1049848.65,712950.68,2
2020-08-20,1050554.38,712950.68,2
2020-08-21,1047905.24,712950.68,2
2020-08-24,1058906.44,413912.32,5
2020-08-25,1073194.79,114158.16,8
2020-08-26,1067225.4,45.96,10
2020-08-27,1066429.64,45.96,10
2020-08-28,1055425.51,45.96,10
2020-08-31,1020451.62,82788.51,9
2020-09-01,1033427.73,82788.51,9
2020-09-02,1051539.9,82788.51,9
2020-09-03,1064326.94,82788.51,9
2020-09-04,1064586.18,82788.51,9
2020-09-07,1078087.83,82788.51,9
2020-09-08,1067719.08,82788.51,9
2020-09-09,1061274.04,82788.51,9
2020-09-10,1079587.96,94913.46,8
2020-09-11,1092544.96,94913.46,8
2020-09-14,1113628.25,94913.46,8
2020-09-15,1133248.72,16.52,9
2020-09-16,1165889.48,16.52,9
2020-09-17,1193607.01,16.52,9
2020-09-18,1208853.86,16.52,9
2020-09-21,1169431.32,16.52,9
2020-09-22,1135045.98,16.52,9
2020-09-23,1119586.83,16.52,9
2020-09-24,1096347.09,16.52,9
2020-09-25,1117028.41,16.52,9
2020-09-28,1160652.93,16.52,9
2020-09-29,1159385.53,16.52,9
2020-09-30,1155014.51,16.52,9
2020-10-01,1166414.19,16.52,9
2020-10-02,1166414.19,16.52,9
2020-10-05,1146845.53,16.52,9
2020-10-06,1147820.05,16.52,9
2020-10-07,1151388.72,16.52,9
2020-10-08,1131859.71,16.52,9
2020-10-09,1129231.44,16.52,9
2020-10-12,1118661.29,16.52,9
2020-10-13,1133497.62,16.52,9
2020-10-14,1141577.37,16.52,9
2020-10-15,1136680.7,16.52,9
2020-10-16,1148436.95,16.52,9
2020-10-19,1155119.0,16.52,9
2020-10-20,1148673.84,16.52,9
2020-10-21,1140867.65,84771.47,8
2020-10-22,1144728.13,84771.47,8
2020-10-23,1145819.27,84771.47,8
2020-10-26,1130978.47,84771.47,8
2020-10-27,1168209.56,84771.47,8
2020-10-28,1158508.64,84771.47,8
2020-10-29,1150163.85,84771.47,8
2020-10-30,1144854.12,84771.47,8
2020-11-02,1133757.6,84771.47,8
2020-11-03,1124794.67,84771.47,8
2020-11-04,1126281.94,84771.47,8
2020-11-05,1146775.11,84771.47,8
2020-11-06,1154768.48,84771.47,8
2020-11-09,1157686.7,84771.47,8
2020-11-10,1116964.35,84771.47,8
2020-11-11,1121551.96,84771.47,8
2020-11-12,1127601.46,84771.47,8
2020-11-13,1137339.22,84771.47,8
2020-11-14,1144281.99,84771.47,8
2020-11-16,1144281.99,84771.47,8
2020-11-17,1150181.05,84771.47,8
2020-11-18,1146423.31,84771.47,8
2020-11-19,1136318.55,84771.47,8
2020-11-20,1155272.81,190.46,9
2020-11-23,1169232.45,190.46,9
2020-11-24,1179510.47,190.46,9
2020-11-25,1154088.28,190.46,9
2020-11-26,1174904.52,190.46,9
2020-11-27,1208036.96,190.46,9
2020-11-30,1208036.96,190.46,9
2020-12-01,1241176.48,190.46,9
2020-12-02,1250610.85,190.46,9
2020-12-03,1260001.27,190.46,9
2020-12-04,1276500.74,190.46,9
2020-12-07,1281637.78,190.46,9
2020-12-08,1286807.57,21.08,10
2020-12-09,1288887.25,21.08,10
2020-12-10,1282173.63,21.08,10
2020-12-11,1277327.51,21.08,10
2020-12-14,1292187.89,21.08,10
2020-12-15,1313657.1,21.08,10
2020-12-16,1334798.23,21.08,10
2020-12-17,1318586.62,21.08,10
2020-12-18,1313660.41,21.08,10
2020-12-21,1290144.26,21.08,10
2020-12-22,1304033.14,21.08,10
2020-12-23,1317005.0,21.08,10
2020-12-24,1328691.3,21.08,10
2020-12-28,1348456.11,21.08,10
2020-12-29,1355340.68,21.08,10
2020-12-30,1345306.87,21.08,10
2020-12-31,1363633.91,21.08,10
2021-01-01,1377036.16,21.08,10
2021-01-04,1400531.25,21.08,10
2021-01-05,1420875.1,21.08,10
2021-01-06,1426742.97,21.08,10
2021-01-07,1438930.8,21.08,10
2021-01-08,1434124.35,21.08,10
2021-01-11,1419677.9,21.08,10
2021-01-12,1399686.37,21.08,10
2021-01-13,1409682.51,21.08,10
2021-01-14,1396929.12,21.08,10
2021-01-15,1376423.76,21.08,10
2021-01-18,1373497.68,21.08,10
2021-01-19,1385035.64,21.08,10
2021-01-20,1387554.49,21.08,10
2021-01-21,1370447.91,21.08,10
2021-01-22,1345787.34,21.08,10
2021-01-25,1338497.92,21.08,10
2021-01-26,1338497.92,21.08,10
2021-01-27,1321645.18,21.08,10
2021-01-28,1328462.13,21.08,10
2021-01-29,1309406.78,21.08,10
2021-02-01,1319984.53,164525.61,9
2021-02-02,1347918.27,164525.61,9
2021-02-03,1344215.68,64758.29,10
2021-02-04,1354839.27,64758.29,10
2021-02-05,1361930.0,64758.29,10
2021-02-08,1376811.46,64758.29,10
2021-02-09,1400153.8,64758.29,10
2021-02-10,1425819.34,64758.29,10
2021-02-11,1498698.71,64758.29,10
2021-02-12,1501066.97,64758.29,10
2021-02-15,1497389.09,64758.29,10
2021-02-16,1489144.55,64758.29,10
2021-02-17,1489279.44,64758.29,10
2021-02-18,1499515.8,64758.29,10
2021-02-19,1477777.56,64758.29,10
2021-02-22,1488321.14,64758.29,10
2021-02-23,1491775.33,64758.29,10
2021-02-24,1494584.01,64758.29,10
2021-02-25,1513970.48,64758.29,10
2021-02-26,1493364.2,64758.29,10
2021-03-01,1519514.56,64758.29,10
2021-03-02,1558946.6,64758.29,10
2021-03-03,1583862.96,64758.29,10
2021-03-04,1605450.65,64758.29,10
2021-03-05,1578041.05,64758.29,10
2021-03-08,1580037.71,64758.29,10
2021-03-09,1565251.73,64758.29,10
2021-03-10,1578493.62,64758.29,10
2021-03-11,1578493.62,64758.29,10
2021-03-12,1585967.6,64758.29,10
2021-03-15,1590476.03,64758.29,10
2021-03-16,1592906.5,64758.29,10
2021-03-17,1558242.0,64758.29,10
2021-03-18,1527348.94,64758.29,10
2021-03-19,1531114.04,64758.29,10
2021-03-22,1528748.53,64758.29,10
2021-03-23,1561940.64,64758.29,10
2021-03-24,1535353.4,64758.29,10
2021-03-25,1499531.01,64758.29,10
2021-03-26,1537727.83,64758.29,10
2021-03-29,1537727.83,64758.29,10
2021-03-30,1552697.49,64758.29,10
2021-03-31,1563013.95,64758.29,10
2021-04-01,1588818.76,64758.29,10
2021-04-05,1559125.43,64758.29,10
2021-04-06,1590660.59,64758.29,10
2021-04-07,1618604.07,64758.29,10
2021-04-08,1625012.71,64758.29,10
2021-04-09,1631357.17,64758.29,10
2021-04-12,1563611.59,64758.29,10
2021-04-13,1586533.2,64758.29,10
2021-04-14,1586533.2,64758.29,10
2021-04-15,1569326.59,64758.29,10
2021-04-16,1584550.44,64758.29,10
2021-04-19,1570700.78,64758.29,10
2021-04-20,1573644.49,64758.29,10
2021-04-21,1573644.49,64758.29,10
2021-04-22,1608371.06,64758.29,10
2021-04-23,1595089.89,64758.29,10
2021-04-26,1624344.99,64758.29,10
2021-04-27,1647775.97,64758.29,10
2021-04-28,1679094.82,64758.29,10
2021-04-29,1714946.98,64758.29,10
2021-04-30,1704521.62,64758.29,10
2021-05-03,1736858.35,64758.29,10
2021-05-04,1693664.73,64758.29,10
2021-05-05,1696164.63,64758.29,10
2021-05-06,1687199.87,64758.29,10
2021-05-07,1677867.32,64758.29,10
2021-05-10,1698163.4,64758.29,10
2021-05-11,1709545.31,64758.29,10
2021-05-12,1688729.19,64758.29,10
2021-05-13,1688729.19,64758.29,10
2021-05-14,1664383.05,64758.29,10
2021-05-17,1677769.64,64758.29,10
2021-05-18,1689613.11,64758.29,10
2021-05-19,1684485.96,64758.29,10
2021-05-20,1666227.89,64758.29,10
2021-05-21,1686450.35,64758.29,10
2021-05-24,1691171.87,64758.29,10
2021-05-25,1688249.22,64758.29,10
2021-05-26,1706116.02,64758.29,10
2021-05-27,1696993.8,64758.29,10
2021-05-28,1696704.58,64758.29,10
2021-05-31,1701193.73,64758.29,10
2021-06-01,1691717.12,64758.29,10
2021-06-02,1698203.6,64758.29,10
2021-06-03,1720679.67,64758.29,10
2021-06-04,1724234.2,64758.29,10
2021-06-07,1735837.98,64758.29,10
2021-06-08,1757439.0,64758.29,10
2021-06-09,1724502.87,64758.29,10
2021-06-10,1737763.69,64758.29,10
2021-06-11,1745276.15,64758.29,10
2021-06-14,1740894.73,64758.29,10
2021-06-15,1740552.62,64758.29,10
2021-06-16,1740729.28,64758.29,10
2021-06-17,1749207.93,64758.29,10
2021-06-18,1732656.36,64758.29,10
2021-06-21,1735756.21,64758.29,10
2021-06-22,1733811.07,64758.29,10
2021-06-23,1719454.22,64758.29,10
2021-06-24,1714766.61,64758.29,10
2021-06-25,1730247.38,64758.29,10
2021-06-28,1746808.71,64758.29,10
2021-06-29,1731917.09,64758.29,10
2021-06-30,1723969.86,64758.29,10
2021-07-01,1727649.52,64758.29,10
2021-07-02,1784480.26,64758.29,10
2021-07-05,1807792.82,64758.29,10
2021-07-06,1778573.71,64758.29,10
2021-07-07,1793558.18,64758.29,10
2021-07-08,1784157.31,64758.29,10
2021-07-09,1778975.75,64758.29,10
2021-07-12,1788943.76,64758.29,10
2021-07-13,1797225.16,64758.29,10
2021-07-14,1803243.49,64758.29,10
2021-07-15,1786586.26,64758.29,10
2021-07-16,1809987.4,64758.29,10
2021-07-19,1815490.04,64758.29,10
2021-07-20,1811041.19,64758.29,10
2021-07-21,1811041.19,64758.29,10
2021-07-22,1825015.43,64758.29,10
2021-07-23,1823564.28,64758.29,10
2021-07-26,1814965.79,64758.29,10
2021-07-27,1793374.45,64758.29,10
2021-07-28,1788975.92,187150.03,9
2021-07-29,1814076.98,263977.13,9
2021-07-30,1830198.52,164288.83,10
2021-08-02,1834246.63,164288.83,10
2021-08-03,1840783.3,164288.83,10
2021-08-04,1824456.34,164288.83,10
2021-08-05,1820072.32,164288.83,10
2021-08-06,1823500.7,164288.83,10
2021-08-09,1825555.99,164288.83,10
2021-08-10,1797331.69,164288.83,10
2021-08-11,1805900.21,164288.83,10
2021-08-12,1835592.3,164288.83,10
2021-08-13,1838647.24,164288.83,10
2021-08-16,1808423.68,164288.83,10
2021-08-17,1806477.43,164288.83,10
2021-08-18,1803252.84,164288.83,10
2021-08-19,1803252.84,164288.83,10
2021-08-20,1782538.59,164288.83,10
2021-08-23,1751288.56,164288.83,10
2021-08-24,1752210.21,164288.83,10
2021-08-25,1757627.74,164288.83,10
2021-08-26,1764555.4,164288.83,10
2021-08-27,1761919.46,245194.33,9
2021-08-30,1805479.2,245194.33,9
2021-08-31,1826576.58,145262.38,10
2021-09-01,1873089.7,145262.38,10
2021-09-02,1891777.8,145262.38,10
2021-09-03,1894337.27,145262.38,10
2021-09-06,1910626.61,145262.38,10
2021-09-07,1909030.46,145262.38,10
2021-09-08,1927899.26,145262.38,10
2021-09-09,1927380.67,145262.38,10
2021-09-10,1927380.67,145262.38,10
2021-09-13,1921819.76,145262.38,10
2021-09-14,1899971.83,145262.38,10
2021-09-15,1914327.49,145262.38,10
2021-09-16,1911434.34,145262.38,10
2021-09-17,1891981.8,145262.38,10
2021-09-20,1860463.51,145262.38,10
2021-09-21,1878478.23,145262.38,10
2021-09-22,1886561.97,145262.38,10
2021-09-23,1893687.61,145262.38,10
2021-09-24,1926382.55,145262.38,10
2021-09-27,1940442.14,343803.52,9
2021-09-28,1944562.96,244185.02,10
2021-09-29,1953547.97,244185.02,10
2021-09-30,1946038.21,244185.02,10
2021-10-01,1927165.06,244185.02,10
2021-10-04,1942696.66,244185.02,10
2021-10-05,1934178.64,244185.02,10
2021-10-06,1915566.98,244185.02,10
2021-10-07,1935479.59,244185.02,10
2021-10-08,1962950.96,244185.02,10
2021-10-11,2013788.7,244185.02,10
2021-10-12,2014991.85,244185.02,10
2021-10-13,2056763.24,244185.02,10
2021-10-14,2046654.32,244185.02,10
2021-10-15,2046654.32,244185.02,10
2021-10-18,2046368.98,244185.02,10
2021-10-19,2045972.78,244185.02,10
2021-10-20,1979942.08,244185.02,10
2021-10-21,1932995.09,244185.02,10
2021-10-22,1900251.29,227423.07,10
2021-10-25,1846487.9,227423.07,10
2021-10-26,1885460.47,227423.07,10
2021-10-27,1896882.6,227423.07,10
2021-10-28,1848521.24,227423.07,10
2021-10-29,1853933.81,227423.07,10
2021-11-01,1871300.68,227423.07,10
2021-11-02,1878183.07,227423.07,10
2021-11-03,1865156.17,227423.07,10
2021-11-04,1882888.07,227423.07,10
2021-11-05,1882888.07,227423.07,10
2021-11-08,1929333.09,227423.07,10
2021-11-09,1940508.92,227423.07,10
2021-11-10,1957462.31,227423.07,10
2021-11-11,1938561.08,227423.07,10
2021-11-12,1955885.36,227423.07,10
2021-11-15,1974249.4,227423.07,10
2021-11-16,1972729.1,227423.07,10
2021-11-17,1979341.2,227423.07,10
2021-11-18,1940930.82,227423.07,10
2021-11-19,1940930.82,227423.07,10
2021-11-22,1888362.78,227423.07,10
2021-11-23,1915997.01,227423.07,10
2021-11-24,1918787.99,227423.07,10
2021-11-25,1919674.72,227423.07,10
2021-11-26,1889706.47,227423.07,10
2021-11-29,1869194.68,227423.07,10
2021-11-30,1870963.56,211930.78,10
2021-12-01,1862254.57,211930.78,10
2021-12-02,1876493.65,211930.78,10
2021-12-03,1895615.67,211930.78,10
2021-12-06,1861132.82,211930.78,10
2021-12-07,1876676.22,211930.78,10
2021-12-08,1897934.16,211930.78,10
2021-12-09,1919415.9,211930.78,10
2021-12-10,1967514.56,211930.78,10
2021-12-13,1952226.55,211930.78,10
2021-12-14,1938190.2,211930.78,10
2021-12-15,1908382.87,211930.78,10
2021-12-16,1905231.68,211930.78,10
2021-12-17,1865756.82,211930.78,10
2021-12-20,1803203.12,211930.78,10
2021-12-21,1817153.55,582261.83,7
2021-12-22,1847279.97,482280.31,8
2021-12-23,1877314.29,482280.31,8
2021-12-24,1871702.06,482280.31,8
2021-12-27,1886078.17,482280.31,8
2021-12-28,1924356.32,382294.81,9
2021-12-29,1927147.53,382294.81,9
2021-12-30,1931109.79,282301.1,10
2021-12-31,1956907.94,282301.1,10
2022-01-03,1989649.61,282301.1,10
2022-01-04,1998683.65,282301.1,10
2022-01-05,1994445.02,282301.1,10
2022-01-06,1996027.36,282301.1,10
2022-01-07,2011476.69,282301.1,10
2022-01-10,2038338.66,282301.1,10
2022-01-11,2069544.57,282301.1,10
2022-01-12,2068620.69,282301.1,10
2022-01-13,2063761.52,282301.1,10
2022-01-14,2066478.47,282301.1,10
2022-01-17,2072735.91,282301.1,10
2022-01-18,2021530.79,282301.1,10
2022-01-19,2010356.52,282301.1,10
2022-01-20,2013064.03,366528.21,9
2022-01-21,1986403.86,366528.21,9
2022-01-24,1910169.13,366528.21,9
2022-01-25,1898132.36,366528.21,9
2022-01-26,1898132.36,366528.21,9
2022-01-27,1895010.55,366528.21,9
2022-01-28,1890085.54,366528.21,9
2022-01-31,1897226.43,266568.38,10
2022-02-01,1912593.35,266568.38,10
2022-02-02,1952169.73,266568.38,10
2022-02-03,1947107.55,266568.38,10
2022-02-04,1942051.05,266568.38,10
2022-02-07,1904908.7,266568.38,10
2022-02-08,1874496.05,266568.38,10
2022-02-09,1876203.52,266568.38,10
2022-02-10,1872383.88,266568.38,10
2022-02-11,1839871.89,266568.38,10
2022-02-14,1767382.1,266568.38,10
2022-02-15,1791225.09,349726.26,9
2022-02-16,1809307.63,349726.26,9
2022-02-17,1805574.65,249776.64,10
2022-02-18,1782762.09,249776.64,10
2022-02-21,1754204.1,249776.64,10
2022-02-22,1735638.67,331508.5,9
2022-02-23,1735088.19,231708.08,10
2022-02-24,1652567.45,231708.08,10
2022-02-25,1681744.93,694834.16,8
2022-02-28,1691794.63,694834.16,8
2022-03-01,1691794.63,777256.21,7
2022-03-02,1681988.57,777256.21,7
2022-03-03,1689075.13,931860.63,6
2022-03-04,1678960.55,931860.63,6
2022-03-07,1660767.12,931860.63,6
2022-03-08,1659760.35,1249146.08,5
2022-03-09,1665963.45,1249146.08,5
2022-03-10,1673264.69,1249146.08,5
2022-03-11,1675829.27,1249146.08,5
2022-03-14,1680315.76,1249146.08,5
2022-03-15,1679519.21,1249146.08,5
2022-03-16,1683970.36,1249146.08,5
2022-03-17,1683997.65,1249146.08,5
2022-03-18,1683997.65,1249146.08,5
2022-03-21,1691877.53,1249146.08,5
2022-03-22,1714132.72,1249146.08,5
2022-03-23,1720873.68,1249146.08,5
2022-03-24,1710531.63,1249146.08,5
2022-03-25,1708646.73,1249146.08,5
2022-03-28,1710458.15,1049629.34,7
2022-03-29,1712855.28,1049629.34,7
2022-03-30,1731021.66,1049629.34,7
2022-03-31,1736972.58,1049629.34,7
2022-04-01,1732097.6,1049629.34,7
2022-04-04,1741790.92,1049629.34,7
2022-04-05,1763103.16,1049629.34,7
2022-04-06,1775903.38,1049629.34,7
2022-04-07,1784472.06,849839.13,9
2022-04-08,1801764.34,849839.13,9
2022-04-11,1788069.39,749890.53,10
2022-04-12,1779295.04,749890.53,10
2022-04-13,1790936.43,749890.53,10
2022-04-14,1790936.43,749890.53,10
2022-04-18,1778995.61,749890.53,10
2022-04-19,1768555.88,749890.53,10
2022-04-20,1773858.93,749890.53,10
2022-04-21,1798632.18,749890.53,10
2022-04-22,1796557.8,749890.53,10
2022-04-25,1780619.3,749890.53,10
2022-04-26,1797568.72,749890.53,10
2022-04-27,1779356.63,749890.53,10
2022-04-28,1779912.14,749890.53,10
2022-04-29,1758201.84,749890.53,10
2022-05-02,1759599.3,749890.53,10
2022-05-03,1759599.3,749890.53,10
2022-05-04,1740184.91,749890.53,10
2022-05-05,1722854.77,749890.53,10
2022-05-06,1705645.61,831836.49,9
2022-05-09,1684947.56,832257.33,8
2022-05-10,1660588.95,832257.33,8
2022-05-11,1626795.79,832257.33,8
2022-05-12,1600981.06,916880.98,7
2022-05-13,1609499.48,1007548.87,6
2022-05-16,1623993.23,1007548.87,6
2022-05-17,1643433.32,1007548.87,6
2022-05-18,1649661.45,1007548.87,6
2022-05-19,1642140.94,1007548.87,6
2022-05-20,1648258.1,1007548.87,6
2022-05-23,1645368.77,1007548.87,6
2022-05-24,1630059.11,1007548.87,6
2022-05-25,1605292.16,1007548.87,6
2022-05-26,1606503.78,1132157.5,5
2022-05-27,1610357.47,1132157.5,5
2022-05-30,1617504.01,1132157.5,5
2022-05-31,1622903.7,1132157.5,5
2022-06-01,1624900.32,1132157.5,5
2022-06-02,1630364.1,1132157.5,5
2022-06-03,1629594.0,1132157.5,5
2022-06-06,1631878.91,1132157.5,5
2022-06-07,1623954.59,1132157.5,5
2022-06-08,1623015.63,1217026.06,4
2022-06-09,1624157.73,1217026.06,4
2022-06-10,1615410.23,1217026.06,4
2022-06-13,1597060.31,1217026.06,4
2022-06-14,1594336.69,1302820.53,3
2022-06-15,1595699.31,1302820.53,3
2022-06-16,1581611.9,1302820.53,3
2022-06-17,1580108.34,1302820.53,3
2022-06-20,1572214.6,1386559.23,2
2022-06-21,1577639.18,1386559.23,2
2022-06-22,1577543.67,1386559.23,2
2022-06-23,1576574.59,1386559.23,2
2022-06-24,1580393.88,1386559.23,2
2022-06-27,1588371.89,1386559.23,2
2022-06-28,1595919.08,1386559.23,2
2022-06-29,1602123.62,1386559.23,2
2022-06-30,1596540.71,1386559.23,2
2022-07-01,1598034.34,1386559.23,2
2022-07-04,1592895.55,1386559.23,2
2022-07-05,1587545.2,1386559.23,2
2022-07-06,1588509.91,1386559.23,2
2022-07-07,1589999.97,1386559.23,2
2022-07-08,1590598.78,1386559.23,2
2022-07-11,1592894.8,1386559.23,2
2022-07-12,1593811.65,1386559.23,2
2022-07-13,1593184.14,1386559.23,2
2022-07-14,1594345.53,1386559.23,2
2022-07-15,1600380.5,1386559.23,2
2022-07-18,1601508.27,1386559.23,2
2022-07-19,1602946.11,1386559.23,2
2022-07-20,1605598.12,1386559.23,2
2022-07-21,1611855.4,1386559.23,2
2022-07-22,1617197.36,1386559.23,2
2022-07-25,1625573.67,1386559.23,2
2022-07-26,1632878.45,1386559.23,2
2022-07-27,1640055.04,1386559.23,2
2022-07-28,1637287.26,1386559.23,2
2022-07-29,1636752.23,1386559.23,2
2022-08-01,1644584.41,1386559.23,2
2022-08-02,1641580.43,1386559.23,2
2022-08-03,1640997.35,1386559.23,2
2022-08-04,1636078.97,1386559.23,2
2022-08-05,1636189.87,1386559.23,2
2022-08-08,1646815.87,1386559.23,2
2022-08-09,1646815.87,1386559.23,2
2022-08-10,1656557.15,1386559.23,2
2022-08-11,1653736.63,1386559.23,2
2022-08-12,1662464.41,1386559.23,2
2022-08-15,1662464.41,1386559.23,2
2022-08-16,1655098.44,1386559.23,2
2022-08-17,1654027.4,1386559.23,2
2022-08-18,1655294.36,1386559.23,2
2022-08-19,1648221.28,1386559.23,2
2022-08-22,1643104.87,1386559.23,2
2022-08-23,1647453.68,1386559.23,2
2022-08-24,1646917.08,1386559.23,2
2022-08-25,1654074.45,1386559.23,2
2022-08-26,1651540.5,1386559.23,2
2022-08-29,1649656.19,1386559.23,2
2022-08-30,1653029.48,1386559.23,2
2022-08-31,1653029.48,1386559.23,2
2022-09-01,1657753.95,1386559.23,2
2022-09-02,1664694.3,1386559.23,2
2022-09-05,1672238.63,1386559.23,2
2022-09-06,1667731.12,1386559.23,2
2022-09-07,1665292.72,1386559.23,2
2022-09-08,1665553.24,1386559.23,2
2022-09-09,1672103.12,1386559.23,2
2022-09-12,1676461.95,789206.16,8
2022-09-13,1683607.53,590237.51,10
2022-09-14,1703514.66,590237.51,10
2022-09-15,1706508.78,590237.51,10
2022-09-16,1682338.93,590237.51,10
2022-09-19,1684593.1,590237.51,10
2022-09-20,1696767.67,590237.51,10
2022-09-21,1696300.84,590237.51,10
2022-09-22,1699044.43,590237.51,10
2022-09-23,1680922.0,590237.51,10
2022-09-26,1634899.77,575418.96,10
2022-09-27,1636476.61,575418.96,10
2022-09-28,1618351.96,575418.96,10
2022-09-29,1624413.69,575418.96,10
2022-09-30,1651535.08,575418.96,10
2022-10-03,1644365.46,575418.96,10
2022-10-04,1677702.22,575418.96,10
2022-10-05,1677702.22,575418.96,10
2022-10-06,1713704.87,575418.96,10
2022-10-07,1713585.18,575418.96,10
2022-10-10,1701236.49,575418.96,10
2022-10-11,1690501.05,575418.96,10
2022-10-12,1692415.12,575418.96,10
2022-10-13,1697793.3,575418.96,10
2022-10-14,1704607.54,575418.96,10
2022-10-17,1715313.91,575418.96,10
2022-10-18,1727808.38,575418.96,10
2022-10-19,1726424.72,575418.96,10
2022-10-20,1722838.64,575418.96,10
2022-10-21,1706268.42,575418.96,10
2022-10-24,1706525.39,575418.96,10
2022-10-25,1701243.51,575418.96,10
2022-10-26,1701243.51,575418.96,10
2022-10-27,1703829.35,575418.96,10
2022-10-28,1694263.22,575418.96,10
2022-10-31,1694764.95,575418.96,10
2022-11-01,1694066.96,575418.96,10
2022-11-02,1689991.48,575418.96,10
2022-11-03,1700789.69,555536.93,10
2022-11-04,1713907.29,555536.93,10
2022-11-07,1720301.78,555536.93,10
2022-11-08,1720301.78,555536.93,10
2022-11-09,1727117.84,555536.93,10
2022-11-10,1705797.0,555536.93,10
2022-11-11,1710235.23,555536.93,10
2022-11-14,1710425.24,555536.93,10
2022-11-15,1723332.32,555536.93,10
2022-11-16,1726419.92,555536.93,10
2022-11-17,1727304.82,555536.93,10
2022-11-18,1716365.78,555536.93,10
2022-11-21,1725195.11,555536.93,10
2022-11-22,1736836.62,555536.93,10
2022-11-23,1746696.86,555536.93,10
2022-11-24,1755556.4,555536.93,10
2022-11-25,1746487.84,555536.93,10
2022-11-28,1758911.82,555536.93,10
2022-11-29,1765360.25,555536.93,10
2022-11-30,1763431.22,555536.93,10
2022-12-01,1773822.85,555536.93,10
2022-12-02,1785386.91,555536.93,10
2022-12-05,1787668.56,555536.93,10
2022-12-06,1779209.59,555536.93,10
2022-12-07,1771161.71,555536.93,10
2022-12-08,1786520.09,555536.93,10
2022-12-09,1785845.98,555536.93,10
2022-12-12,1779950.18,555536.93,10
2022-12-13,1777409.8,555536.93,10
2022-12-14,1770822.23,555536.93,10
2022-12-15,1751434.93,555536.93,10
2022-12-16,1734778.11,555536.93,10
2022-12-19,1740368.28,639136.45,9
2022-12-20,1753377.68,639136.45,9
2022-12-21,1714925.05,639136.45,9
2022-12-22,1686837.33,639136.45,9
2022-12-23,1637510.11,639136.45,9
2022-12-26,1660012.16,817083.84,7
2022-12-27,1677833.77,817083.84,7
2022-12-28,1676438.64,817083.84,7
2022-12-29,1686173.97,817083.84,7
2022-12-30,1698292.87,817083.84,7
2023-01-02,1697875.44,817083.84,7
2023-01-03,1694177.18,817083.84,7
2023-01-04,1682850.51,817083.84,7
2023-01-05,1682717.02,817083.84,7
2023-01-06,1688214.17,817083.84,7
2023-01-09,1697912.98,817083.84,7
2023-01-10,1692840.35,817083.84,7
2023-01-11,1693610.29,817083.84,7
2023-01-12,1692869.33,817083.84,7
2023-01-13,1693776.04,817083.84,7
2023-01-16,1692287.44,817083.84,7
2023-01-17,1697753.65,817083.84,7
2023-01-18,1691936.45,817083.84,7
2023-01-19,1695843.66,817083.84,7
2023-01-20,1697346.54,817083.84,7
2023-01-23,1693424.52,817083.84,7
2023-01-24,1692913.07,817083.84,7
2023-01-25,1693032.92,717119.28,8
2023-01-26,1693032.92,717119.28,8
2023-01-27,1673490.93,717119.28,8
2023-01-30,1659991.86,717119.28,8
2023-01-31,1673404.78,800007.08,7
2023-02-01,1647197.95,800007.08,7
2023-02-02,1648999.38,800007.08,7
2023-02-03,1649710.97,800007.08,7
2023-02-06,1646525.08,890866.17,6
2023-02-07,1648747.24,790926.45,7
2023-02-08,1650231.86,790926.45,7
2023-02-09,1659885.58,790926.45,7
2023-02-10,1654633.06,790926.45,7
2023-02-13,1647391.7,790926.45,7
2023-02-14,1648633.03,790926.45,7
2023-02-15,1651704.27,790926.45,7
2023-02-16,1646722.46,691063.57,8
2023-02-17,1642324.58,691063.57,8
2023-02-20,1642846.84,691063.57,8
2023-02-21,1636685.32,595892.73,9
2023-02-22,1614315.58,595892.73,9
2023-02-23,1615572.56,595892.73,9
2023-02-24,1634383.94,595892.73,9
2023-02-27,1626627.14,595892.73,9
2023-02-28,1638453.7,595892.73,9
2023-03-01,1656613.41,595892.73,9
2023-03-02,1659705.71,495965.02,10
2023-03-03,1667347.25,495965.02,10
2023-03-06,1687704.82,495965.02,10
2023-03-07,1687704.82,495965.02,10
2023-03-08,1713732.09,495965.02,10
2023-03-09,1713290.3,495965.02,10
2023-03-10,1692892.61,495965.02,10
2023-03-13,1672518.38,495965.02,10
2023-03-14,1686374.02,495965.02,10
2023-03-15,1684795.68,495965.02,10
2023-03-16,1677062.16,495965.02,10
2023-03-17,1688832.27,601151.49,9
2023-03-20,1676217.49,601151.49,9
2023-03-21,1673845.8,601151.49,9
2023-03-22,1676488.7,601151.49,9
2023-03-23,1671025.65,601151.49,9
2023-03-24,1657325.42,601151.49,9
2023-03-27,1662063.81,685389.67,8
2023-03-28,1663351.59,685389.67,8
2023-03-29,1693862.77,685389.67,8
2023-03-30,1693862.77,685389.67,8
2023-03-31,1718206.08,685389.67,8
2023-04-03,1726422.25,685389.67,8
2023-04-04,1726422.25,685389.67,8
2023-04-05,1729826.58,685389.67,8
2023-04-06,1724632.39,685389.67,8
2023-04-10,1696863.48,585784.21,9
2023-04-11,1714165.26,585784.21,9
2023-04-12,1716287.36,585784.21,9
2023-04-13,1711312.22,585784.21,9
2023-04-14,1711312.22,585784.21,9
2023-04-17,1725432.19,585784.21,9
2023-04-18,1728794.33,585784.21,9
2023-04-19,1747542.95,585784.21,9
2023-04-20,1742867.75,585784.21,9
2023-04-21,1735023.6,585784.21,9
2023-04-24,1742595.86,585784.21,9
2023-04-25,1732018.32,585784.21,9
2023-04-26,1744649.51,585784.21,9
2023-04-27,1745031.35,585784.21,9
2023-04-28,1749341.71,585784.21,9
2023-05-01,1749341.71,585784.21,9
2023-05-02,1749356.47,585784.21,9
2023-05-03,1746515.88,585784.21,9
2023-05-04,1763962.49,585784.21,9
2023-05-05,1780423.07,585784.21,9
2023-05-08,1801708.25,585784.21,9
2023-05-09,1792195.3,585784.21,9
2023-05-10,1794946.88,585784.21,9
2023-05-11,1799445.57,585784.21,9
2023-05-12,1790493.17,585784.21,9
2023-05-15,1788612.48,585784.21,9
2023-05-16,1791387.78,585784.21,9
2023-05-17,1809025.45,585784.21,9
2023-05-18,1815186.84,585784.21,9
2023-05-19,1823394.99,585784.21,9
2023-05-22,1843898.07,585784.21,9
2023-05-23,1848691.28,585784.21,9
2023-05-24,1868466.66,585784.21,9
2023-05-25,1872961.42,585784.21,9
2023-05-26,1881162.04,585784.21,9
2023-05-29,1899606.21,585784.21,9
2023-05-30,1911748.87,585784.21,9
2023-05-31,1915802.2,585784.21,9
2023-06-01,1900465.83,585784.21,9
2023-06-02,1918372.14,485834.29,10
2023-06-05,1964293.03,485834.29,10
2023-06-06,1990510.86,485834.29,10
2023-06-07,1991853.33,485834.29,10
2023-06-08,1966575.51,485834.29,10
2023-06-09,1959138.28,485834.29,10
2023-06-12,1965614.17,485834.29,10
2023-06-13,1960634.12,485834.29,10
2023-06-14,1965617.75,485834.29,10
2023-06-15,1960997.12,485834.29,10
2023-06-16,1969944.23,485834.29,10
2023-06-19,1985157.68,485834.29,10
2023-06-20,1990356.97,485834.29,10
2023-06-21,1996310.83,485834.29,10
2023-06-22,1981747.64,485834.29,10
2023-06-23,1954090.54,485834.29,10
2023-06-26,1977335.54,485834.29,10
2023-06-27,1979866.9,590309.0,9
2023-06-28,1983479.22,490316.94,10
2023-06-29,1983479.22,490316.94,10
2023-06-30,2018669.44,490316.94,10
2023-07-03,2051536.47,490316.94,10
2023-07-04,2086529.72,490316.94,10
2023-07-05,2136635.69,490316.94,10
2023-07-06,2133421.2,490316.94,10
2023-07-07,2116481.32,490316.94,10
2023-07-10,2120420.76,490316.94,10
2023-07-11,2164346.59,490316.94,10
2023-07-12,2218670.78,490316.94,10
2023-07-13,2195579.43,490316.94,10
2023-07-14,2214759.94,490316.94,10
2023-07-17,2236999.37,490316.94,10
2023-07-18,2237146.09,490316.94,10
2023-07-19,2268903.5,490316.94,10
2023-07-20,2269722.5,490316.94,10
2023-07-21,2283171.74,490316.94,10
2023-07-24,2283136.54,490316.94,10
2023-07-25,2265381.44,490316.94,10
2023-07-26,2245460.68,490316.94,10
2023-07-27,2263224.25,490316.94,10
2023-07-28,2258698.55,490316.94,10
2023-07-31,2282948.59,490316.94,10
2023-08-01,2292460.03,490316.94,10
2023-08-02,2247139.95,490316.94,10
2023-08-03,2247325.91,490316.94,10
2023-08-04,2264177.49,490316.94,10
2023-08-07,2267906.95,490316.94,10
2023-08-08,2297578.9,490316.94,10
2023-08-09,2322404.13,490316.94,10
2023-08-10,2318980.63,490316.94,10
2023-08-11,2326525.38,490316.94,10
2023-08-14,2352649.21,490316.94,10
2023-08-15,2352649.21,490316.94,10
2023-08-16,2370797.2,490316.94,10
2023-08-17,2386023.25,490316.94,10
2023-08-18,2359040.94,490316.94,10
2023-08-21,2350276.39,490316.94,10
2023-08-22,2381991.77,490316.94,10
2023-08-23,2392214.56,490316.94,10
2023-08-24,2375189.1,490316.94,10
2023-08-25,2366921.07,490316.94,10
2023-08-28,2389790.1,490316.94,10
2023-08-29,2400169.0,490316.94,10
2023-08-30,2401197.37,490316.94,10
2023-08-31,2423034.63,490316.94,10
2023-09-01,2458431.4,490316.94,10
2023-09-04,2471891.1,490316.94,10
2023-09-05,2493492.56,490316.94,10
2023-09-06,2487180.69,490316.94,10
2023-09-07,2494430.6,490316.94,10
2023-09-08,2540175.35,490316.94,10
2023-09-11,2541065.62,490316.94,10
2023-09-12,2443920.66,490316.94,10
2023-09-13,2466903.36,490316.94,10
2023-09-14,2486578.35,490316.94,10
2023-09-15,2497379.73,490316.94,10
2023-09-18,2482048.82,490316.94,10
2023-09-19,2482048.82,490316.94,10
2023-09-20,2441632.41,490316.94,10
2023-09-21,2426440.73,490316.94,10
2023-09-22,2449821.2,490316.94,10
2023-09-25,2471076.18,490316.94,10
2023-09-26,2491365.7,490316.94,10
2023-09-27,2521010.93,490316.94,10
2023-09-28,2499905.68,490316.94,10
2023-09-29,2508932.59,490316.94,10
2023-10-02,2508932.59,490316.94,10
2023-10-03,2533836.89,490316.94,10
2023-10-04,2523805.25,490316.94,10
2023-10-05,2530837.21,490316.94,10
2023-10-06,2523154.02,490316.94,10
2023-10-09,2502719.22,490316.94,10
2023-10-10,2555865.87,490316.94,10
2023-10-11,2521391.81,490316.94,10
2023-10-12,2525610.53,490316.94,10
2023-10-13,2509612.37,490316.94,10
2023-10-16,2498848.55,490316.94,10
2023-10-17,2529312.9,490316.94,10
2023-10-18,2500090.0,490316.94,10
2023-10-19,2450319.87,490316.94,10
2023-10-20,2434534.46,490316.94,10
2023-10-23,2370827.55,490316.94,10
2023-10-24,2370827.55,490316.94,10
2023-10-25,2356483.56,490316.94,10
2023-10-26,2387425.27,490316.94,10
2023-10-27,2424057.04,490316.94,10
2023-10-30,2410383.94,490316.94,10
2023-10-31,2416809.27,490316.94,10
2023-11-01,2405802.84,490316.94,10
2023-11-02,2428035.25,490316.94,10
2023-11-03,2440267.05,490316.94,10
2023-11-06,2455604.09,490316.94,10
2023-11-07,2402264.75,490316.94,10
2023-11-08,2420567.6,490316.94,10
2023-11-09,2414875.58,490316.94,10
2023-11-10,2416907.89,490316.94,10
2023-11-13,2443716.47,490316.94,10
2023-11-14,2443716.47,490316.94,10
2023-11-15,2451136.6,490316.94,10
2023-11-16,2451102.68,490316.94,10
2023-11-17,2433093.64,490316.94,10
2023-11-20,2444257.47,490316.94,10
2023-11-21,2464290.0,490316.94,10
2023-11-22,2467365.58,490316.94,10
2023-11-23,2465925.6,490316.94,10
2023-11-24,2459522.18,490316.94,10
2023-11-27,2459522.18,490316.94,10
2023-11-28,2460196.78,490316.94,10
2023-11-29,2447140.77,490316.94,10
2023-11-30,2451417.85,490316.94,10
2023-12-01,2455437.24,490316.94,10
2023-12-04,2503800.46,490316.94,10
2023-12-05,2492904.04,490316.94,10
2023-12-06,2513741.08,490316.94,10
2023-12-07,2519801.72,490316.94,10
2023-12-08,2509706.81,490316.94,10
2023-12-11,2523239.93,490316.94,10
2023-12-12,2511435.45,490316.94,10
2023-12-13,2506014.69,490316.94,10
2023-12-14,2517762.71,490316.94,10
2023-12-15,2536016.56,490316.94,10
2023-12-18,2539101.86,490316.94,10
2023-12-19,2543362.87,490316.94,10
2023-12-20,2474150.82,490316.94,10
2023-12-21,2507529.57,490316.94,10
2023-12-22,2521473.05,490316.94,10
2023-12-26,2530719.94,490316.94,10
2023-12-27,2555118.56,490316.94,10
2023-12-28,2557286.9,490316.94,10
2023-12-29,2560126.85,490316.94,10
2024-01-01,2570421.91,490316.94,10
2024-01-02,2574389.91,490316.94,10
2024-01-03,2576965.6,490316.94,10
2024-01-04,2600452.86,490316.94,10
2024-01-05,2602461.11,490316.94,10
2024-01-08,2578588.26,490316.94,10
2024-01-09,2571247.55,490316.94,10
2024-01-10,2568069.13,490316.94,10
2024-01-11,2581950.8,490316.94,10
2024-01-12,2585731.88,490316.94,10
2024-01-15,2609888.55,490316.94,10
2024-01-16,2622184.78,490316.94,10
2024-01-17,2617920.94,490316.94,10
2024-01-18,2617038.86,490316.94,10
2024-01-19,2630777.38,490316.94,10
2024-01-22,2630777.38,490316.94,10
2024-01-23,2565776.54,490316.94,10
2024-01-24,2579264.23,490316.94,10
2024-01-25,2599829.36,490316.94,10
2024-01-26,2599829.36,490316.94,10
2024-01-29,2655035.68,490316.94,10
2024-01-30,2652995.3,490316.94,10
2024-01-31,2689463.99,490316.94,10
2024-02-01,2710678.4,490316.94,10
2024-02-02,2712039.09,490316.94,10
2024-02-05,2729761.24,912083.33,9
2024-02-06,2744522.79,812257.86,10
2024-02-07,2807265.55,812257.86,10
2024-02-08,2796047.43,812257.86,10
2024-02-09,2773095.89,812257.86,10
2024-02-12,2713061.89,812257.86,10
2024-02-13,2734678.5,812257.86,10
2024-02-14,2728295.76,812257.86,10
2024-02-15,2784224.07,812257.86,10
2024-02-16,2785976.77,812257.86,10
2024-02-19,2777740.74,812257.86,10
2024-02-20,2769901.79,812257.86,10
2024-02-21,2733813.49,812257.86,10
2024-02-22,2746007.69,940388.09,9
2024-02-23,2745704.12,844018.25,10
2024-02-26,2729131.99,844018.25,10
2024-02-27,2743968.94,844018.25,10
2024-02-28,2711169.34,844018.25,10
2024-02-29,2749152.31,844018.25,10
2024-03-01,2803173.14,844018.25,10
2024-03-04,2823818.08,844018.25,10
2024-03-05,2822657.02,844018.25,10
2024-03-06,2793963.02,844018.25,10
2024-03-07,2817565.47,844018.25,10
2024-03-08,2817565.47,844018.25,10
2024-03-11,2773905.22,844018.25,10
2024-03-12,2737465.45,844018.25,10
2024-03-13,2645356.91,844018.25,10
2024-03-14,2686580.16,1018389.36,9
2024-03-15,2683804.41,1018389.36,9
2024-03-18,2693428.16,1018389.36,9
2024-03-19,2673724.63,1018389.36,9
2024-03-20,2690189.78,1018389.36,9
2024-03-21,2722719.95,918596.56,10
2024-03-22,2723206.82,918596.56,10
2024-03-25,2723206.82,918596.56,10
2024-03-26,2761669.91,918596.56,10
2024-03-27,2779764.69,918596.56,10
2024-03-28,2794898.83,918596.56,10
2024-04-01,2827719.09,918596.56,10
2024-04-02,2845909.09,918596.56,10
2024-04-03,2858982.72,918596.56,10
2024-04-04,2863937.26,918596.56,10
2024-04-05,2866998.76,918596.56,10
2024-04-08,2857496.37,918596.56,10
2024-04-09,2846305.16,918596.56,10
2024-04-10,2858030.69,918596.56,10
2024-04-11,2858030.69,918596.56,10
2024-04-12,2845119.26,918596.56,10
2024-04-15,2814843.12,918596.56,10
2024-04-16,2828206.28,918596.56,10
2024-04-17,2828206.28,918596.56,10
2024-04-18,2799458.56,918596.56,10
2024-04-19,2793358.11,918596.56,10
2024-04-22,2833295.89,918596.56,10
2024-04-23,2824046.84,918596.56,10
2024-04-24,2813273.75,1007708.56,9
2024-04-25,2837212.84,907786.3,10
2024-04-26,2857778.75,907786.3,10
2024-04-29,2904341.33,907786.3,10
2024-04-30,2928012.96,907786.3,10
2024-05-01,2928012.96,907786.3,10
2024-05-02,2912051.8,907786.3,10
2024-05-03,2930704.73,907786.3,10
2024-05-06,2902068.88,907786.3,10
2024-05-07,2864588.43,907786.3,10
2024-05-08,2856944.16,907786.3,10
2024-05-09,2797641.13,907786.3,10
2024-05-10,2840499.73,907786.3,10
2024-05-13,2819391.19,907786.3,10
2024-05-14,2851055.99,907786.3,10
2024-05-15,2882264.02,907786.3,10
2024-05-16,2874221.5,907786.3,10
2024-05-17,2893533.97,907786.3,10
2024-05-20,2895026.9,907786.3,10
2024-05-21,2915200.89,907786.3,10
2024-05-22,2936191.3,907786.3,10
2024-05-23,2942633.33,907786.3,10
2024-05-24,2930151.84,907786.3,10
2024-05-27,2896582.99,907786.3,10
2024-05-28,2862376.67,907786.3,10
2024-05-29,2871607.74,907786.3,10
2024-05-30,2846134.11,907786.3,10
2024-05-31,2873656.41,907786.3,10
2024-06-03,2959172.22,907786.3,10
2024-06-04,2789798.71,907786.3,10
2024-06-05,2791924.07,907786.3,10
2024-06-06,2827098.16,907786.3,10
2024-06-07,2886037.02,907786.3,10
2024-06-10,2903521.58,907786.3,10
2024-06-11,2911329.11,907786.3,10
2024-06-12,2949143.6,907786.3,10
2024-06-13,2953096.67,907786.3,10
2024-06-14,2998445.0,907786.3,10
2024-06-17,2998445.0,907786.3,10
2024-06-18,3044140.13,907786.3,10
2024-06-19,3007901.2,907786.3,10
2024-06-20,3016877.91,907786.3,10
2024-06-21,2977059.07,907786.3,10
2024-06-24,3013612.77,907786.3,10
2024-06-25,2995605.3,907786.3,10
2024-06-26,2999420.9,907786.3,10
2024-06-27,2989786.51,907786.3,10
2024-06-28,3006584.87,907786.3,10
2024-07-01,3063601.98,907786.3,10
2024-07-02,3054578.19,907786.3,10
2024-07-03,3134784.96,907786.3,10
2024-07-04,3142150.77,907786.3,10
2024-07-05,3135858.67,907786.3,10
2024-07-08,3123645.4,907786.3,10
2024-07-09,3107480.73,907786.3,10
2024-07-10,3082321.85,907786.3,10
2024-07-11,3097012.1,907786.3,10
2024-07-12,3078108.54,907786.3,10
2024-07-15,3103681.0,907786.3,10
2024-07-16,3102027.5,907786.3,10
2024-07-17,3102027.5,907786.3,10
2024-07-18,3099535.87,907786.3,10
2024-07-19,3050824.22,907786.3,10
2024-07-22,3090775.11,907786.3,10
2024-07-23,3078521.77,907786.3,10
2024-07-24,3110367.78,907786.3,10
2024-07-25,3115796.23,907786.3,10
2024-07-26,3178257.46,907786.3,10
2024-07-29,3248387.09,907786.3,10
2024-07-30,3293675.59,907786.3,10
2024-07-31,3303181.96,907786.3,10
2024-08-01,3310263.17,907786.3,10
2024-08-02,3285241.79,907786.3,10
2024-08-05,3198855.25,907786.3,10
2024-08-06,3139970.63,907786.3,10
2024-08-07,3214178.63,907786.3,10
2024-08-08,3215781.14,907786.3,10
2024-08-09,3263333.33,907786.3,10
2024-08-12,3250578.09,907786.3,10
2024-08-13,3200047.1,907786.3,10
2024-08-14,3179431.8,907786.3,10
2024-08-15,3179431.8,907786.3,10
2024-08-16,3229477.58,907786.3,10
2024-08-19,3236290.92,907786.3,10
2024-08-20,3251610.5,907786.3,10
2024-08-21,3294718.35,1074858.44,9
2024-08-22,3292380.33,975093.4,10
2024-08-23,3310618.53,975093.4,10
2024-08-26,3340342.25,975093.4,10
2024-08-27,3341487.25,975093.4,10
2024-08-28,3322499.44,975093.4,10
2024-08-29,3270850.36,975093.4,10
2024-08-30,3252124.88,975093.4,10
2024-09-02,3245007.44,975093.4,10
2024-09-03,3247148.56,975093.4,10
2024-09-04,3245092.98,975093.4,10
2024-09-05,3251960.17,975093.4,10
2024-09-06,3196416.52,975093.4,10
2024-09-09,3173526.71,975093.4,10
2024-09-10,3205595.88,975093.4,10
2024-09-11,3189746.42,975093.4,10
2024-09-12,3208135.9,1186255.46,9
2024-09-13,3236275.91,1089317.84,10
2024-09-16,3252577.91,1089317.84,10
2024-09-17,3243768.2,1089317.84,10
2024-09-18,3211682.58,1089317.84,10
2024-09-19,3201185.36,1089317.84,10
2024-09-20,3235112.65,1089317.84,10
2024-09-23,3234212.4,1089317.84,10
2024-09-24,3240144.26,1089317.84,10
2024-09-25,3231033.44,1089317.84,10
2024-09-26,3222015.17,1089317.84,10
2024-09-27,3239512.33,1089317.84,10
2024-09-30,3243386.08,1089317.84,10
2024-10-01,3242059.36,1089317.84,10
2024-10-02,3242059.36,1089317.84,10
2024-10-03,3193492.41,1089317.84,10
2024-10-04,3178393.67,1089317.84,10
2024-10-07,3124659.26,1171961.49,9
2024-10-08,3154596.21,1171961.49,9
2024-10-09,3208598.51,1072194.44,10
2024-10-10,3271700.43,1072194.44,10
2024-10-11,3269856.34,1072194.44,10
2024-10-14,3280016.9,1072194.44,10
2024-10-15,3318746.53,1072194.44,10
2024-10-16,3304720.16,1072194.44,10
2024-10-17,3266961.38,1072194.44,10
2024-10-18,3275431.87,1072194.44,10
2024-10-21,3224552.41,1072194.44,10
2024-10-22,3155337.54,1072194.44,10
2024-10-23,3172894.02,1072194.44,10
2024-10-24,3164953.23,1072194.44,10
2024-10-25,3120155.1,1072194.44,10
2024-10-28,3116435.5,1259476.52,9
2024-10-29,3137369.38,1433255.07,9
2024-10-30,3160426.5,1433255.07,9
2024-10-31,3193024.31,1433255.07,9
2024-11-01,3197812.72,1433255.07,9
2024-11-04,3177269.91,1433255.07,9
2024-11-05,3185866.55,1433255.07,9
2024-11-06,3207653.16,1333295.07,10
2024-11-07,3188573.71,1333295.07,10
2024-11-08,3158923.28,1333295.07,10
2024-11-11,3136754.98,1472980.69,9
2024-11-12,3118438.98,1472980.69,9
2024-11-13,3062447.73,1552380.94,8
2024-11-14,3102501.3,1552380.94,8
2024-11-15,3102501.3,1552380.94,8
2024-11-18,3080713.35,1552380.94,8
2024-11-19,3084354.03,1656354.38,7
2024-11-20,3084354.03,1656354.38,7
2024-11-21,3085523.22,1656354.38,7
2024-11-22,3082089.4,1769485.44,6
2024-11-25,3106296.76,1769485.44,6
2024-11-26,3115309.03,1669721.22,7
2024-11-27,3163091.0,1569848.65,8
2024-11-28,3161363.82,1569848.65,8
2024-11-29,3171247.67,1469883.7,9
2024-12-02,3194281.29,1469883.7,9
2024-12-03,3159648.77,1369913.74,10
2024-12-04,3182621.08,1369913.74,10
2024-12-05,3220874.19,1369913.74,10
2024-12-06,3226886.87,1369913.74,10
2024-12-09,3264328.87,1369913.74,10
2024-12-10,3301687.58,1369913.74,10
2024-12-11,3303379.12,1369913.74,10
2024-12-12,3309640.71,1369913.74,10
2024-12-13,3335928.25,1369913.74,10
2024-12-16,3414735.69,1369913.74,10
2024-12-17,3443315.71,1369913.74,10
2024-12-18,3431083.81,1369913.74,10
2024-12-19,3452694.2,1369913.74,10
2024-12-20,3450084.47,1369913.74,10
2024-12-23,3465972.35,1369913.74,10
2024-12-24,3471235.49,1369913.74,10
2024-12-26,3418099.23,1369913.74,10
2024-12-27,3392380.93,1369913.74,10
2024-12-30,3396474.16,1369913.74,10
2024-12-31,3415819.88,1369913.74,10
2025-01-01,3446560.96,1369913.74,10
2025-01-02,3470363.71,1369913.74,10
2025-01-03,3478419.13,1369913.74,10
2025-01-06,3410268.02,1369913.74,10
2025-01-07,3454543.46,1369913.74,10
2025-01-08,3438658.99,1369913.74,10
2025-01-09,3451732.22,1369913.74,10
2025-01-10,3387027.12,1485443.31,9
2025-01-13,3282609.38,1485443.31,9
2025-01-14,3256412.21,1716285.53,7
2025-01-15,3229612.43,1716285.53,7
2025-01-16,3268169.37,1716285.53,7
2025-01-17,3248484.46,1716285.53,7
2025-01-20,3270557.1,1716285.53,7
2025-01-21,3233092.85,1716285.53,7
2025-01-22,3152531.89,1716285.53,7
2025-01-23,3131887.27,1716285.53,7
2025-01-24,3102598.91,1716285.53,7
2025-01-27,3030731.11,1716285.53,7
2025-01-28,2957834.25,1716285.53,7
2025-01-29,2976150.13,2391954.81,6
2025-01-30,2990693.27,2391954.81,6
2025-01-31,2985937.15,2391954.81,6
2025-02-01,2993620.62,2391954.81,6
2025-02-03,2980066.6,2391954.81,6
2025-02-04,2991235.96,2391954.81,6
2025-02-05,3016442.33,2391954.81,6
2025-02-06,3013239.95,2391954.81,6
2025-02-07,3014486.53,2391954.81,6
2025-02-10,2999450.42,2391954.81,6
2025-02-11,2977022.18,2391954.81,6
2025-02-12,2972464.58,2391954.81,6
2025-02-13,2967646.01,2391954.81,6
2025-02-14,2946283.81,2476718.42,5
2025-02-17,2945130.96,2560212.08,4
2025-02-18,2941133.83,2560212.08,4
2025-02-19,2945964.04,2560212.08,4
2025-02-20,2953970.96,2560212.08,4
2025-02-21,2944914.64,2560212.08,4
2025-02-24,2944228.86,2560212.08,4
2025-02-25,2945969.77,2643245.6,3
2025-02-26,2945969.77,2643245.6,3
2025-02-27,2940150.26,2643245.6,3
2025-02-28,2933100.69,2643245.6,3
2025-03-03,2930879.11,2732368.3,2
2025-03-04,2938663.69,2732368.3,2
2025-03-05,2941782.61,2732368.3,2
2025-03-06,2944707.6,2732368.3,2
2025-03-07,2942083.46,2732368.3,2
2025-03-10,2939027.97,2732368.3,2
2025-03-11,2942790.41,2732368.3,2
2025-03-12,2943294.33,2732368.3,2
2025-03-13,2940752.16,2732368.3,2
2025-03-14,2940752.16,2732368.3,2
2025-03-17,2942327.12,2732368.3,2
2025-03-18,2942327.12,2732368.3,2
2025-03-19,2947409.86,2732368.3,2
2025-03-20,2947306.28,2732368.3,2
2025-03-21,2952991.33,2732368.3,2
2025-03-24,2959556.51,2732368.3,2
2025-03-25,2954859.83,2732368.3,2
2025-03-26,2952448.59,2732368.3,2
2025-03-27,2955161.77,2732368.3,2
2025-03-28,2957297.83,2732368.3,2
2025-03-31,2957297.83,2732368.3,2
2025-04-01,2951983.75,2732368.3,2
2025-04-02,2953794.17,2732368.3,2
2025-04-03,2956915.26,2732368.3,2
2025-04-04,2948089.13,2732368.3,2
2025-04-07,2942915.38,2732368.3,2
2025-04-08,2947739.47,2732368.3,2
2025-04-09,2944769.99,2732368.3,2
2025-04-10,2944769.99,2732368.3,2
2025-04-11,2954217.67,2732368.3,2
2025-04-14,2954217.67,2732368.3,2
2025-04-15,2966128.3,2732368.3,2
2025-04-16,2970177.51,2732368.3,2
2025-04-17,2970504.06,2732368.3,2
2025-04-21,2973245.65,2732368.3,2
2025-04-22,2971250.76,2732368.3,2
2025-04-23,2971074.55,2732368.3,2
2025-04-24,2968065.23,2732368.3,2
2025-04-25,2962967.7,2732368.3,2
2025-04-28,2962565.14,2732368.3,2
2025-04-29,2958991.17,2732368.3,2
2025-04-30,2959669.06,2732368.3,2
2025-05-01,2959669.06,2732368.3,2
2025-05-02,2963956.62,2732368.3,2
2025-05-05,2968389.41,2732368.3,2
2025-05-06,2961544.91,2732368.3,2
2025-05-07,2958926.34,2732368.3,2
2025-05-08,2955563.52,2732368.3,2
2025-05-09,2954534.9,2732368.3,2
2025-05-12,2960543.67,2732368.3,2
2025-05-13,2961756.85,2732368.3,2
2025-05-14,2973209.53,2732368.3,2
2025-05-15,2969239.93,2732368.3,2
2025-05-16,2966038.21,2732368.3,2
2025-05-19,2969992.64,2732368.3,2
2025-05-20,2966350.93,2732368.3,2
2025-05-21,2967509.04,2732368.3,2
2025-05-22,2965029.23,2732368.3,2
2025-05-23,2964422.28,2732368.3,2
2025-05-26,2957700.72,2732368.3,2
2025-05-27,2953595.47,2732368.3,2
2025-05-28,2958707.83,2732368.3,2
2025-05-29,2957108.47,2732368.3,2
2025-05-30,2956805.83,2732368.3,2
2025-06-02,2958432.22,2732368.3,2
2025-06-03,2959202.83,2732368.3,2
2025-06-04,2961524.6,2732368.3,2
2025-06-05,2965766.02,2633038.3,3
2025-06-06,2961880.74,2633038.3,3
2025-06-09,2972744.5,2433627.69,5
2025-06-10,2967134.15,2334067.69,6
2025-06-11,2969071.38,2234770.69,7
2025-06-12,2955911.48,2234770.69,7
2025-06-13,2961011.48,2035971.99,9
2025-06-16,2974887.13,2035971.99,9
2025-06-17,2971996.19,2035971.99,9
2025-06-18,2972076.64,2035971.99,9
2025-06-19,2955292.94,2035971.99,9
2025-06-20,2951771.97,2035971.99,9
2025-06-23,2957406.35,2035971.99,9
2025-06-24,2964828.29,2035971.99,9
2025-06-25,2982051.59,2035971.99,9
2025-06-26,2981551.76,2035971.99,9
2025-06-27,2998750.98,1936143.99,10
2025-06-30,3016371.05,1936143.99,10
2025-07-01,3018693.44,1936143.99,10
2025-07-02,3002984.12,1936143.99,10
2025-07-03,3012255.72,1936143.99,10
2025-07-04,3022845.17,1936143.99,10
2025-07-07,3018186.54,1936143.99,10
2025-07-08,3005241.18,1936143.99,10
2025-07-09,3006913.98,1936143.99,10
2025-07-10,3007274.76,1936143.99,10
2025-07-11,2995096.32,1936143.99,10
2025-07-14,2996271.25,1936143.99,10
2025-07-15,3012016.49,1936143.99,10
2025-07-16,3024053.16,1936143.99,10
2025-07-17,3023052.33,1936143.99,10
2025-07-18,3022186.2,1936143.99,10
2025-07-21,3025118.24,1936143.99,10
2025-07-22,3021978.53,1936143.99,10
2025-07-23,3032392.98,1936143.99,10
2025-07-24,3037352.85,1936143.99,10
2025-07-25,3021703.89,1936143.99,10
2025-07-28,3025324.34,1918972.03,10
2025-07-29,3045583.31,1918972.03,10
2025-07-30,3041988.98,1918972.03,10
2025-07-31,3030441.66,1918972.03,10
2025-08-01,3014753.19,1918972.03,10
2025-08-04,3027652.73,1918972.03,10
2025-08-05,3025076.56,1918972.03,10
2025-08-06,2998887.78,1918972.03,10
2025-08-07,3000612.81,1901740.82,10
2025-08-08,2987230.83,1901740.82,10
2025-08-11,3000720.53,1901740.82,10
2025-08-12,3014145.2,1901740.82,10
2025-08-13,3028978.95,1901740.82,10
2025-08-14,3019947.12,1901740.82,10
2025-08-15,3019947.12,1901740.82,10
2025-08-18,3034315.14,1901740.82,10
2025-08-19,3042264.19,1901740.82,10
2025-08-20,3040738.17,1901740.82,10
2025-08-21,3040549.35,1901740.82,10
2025-08-22,3031586.67,1901740.82,10
2025-08-25,3029223.21,1901740.82,10
2025-08-26,3018062.35,1901740.82,10
2025-08-27,3018062.35,1901740.82,10
2025-08-28,3004472.86,1901740.82,10
2025-08-29,3001812.42,1901740.82,10
2025-09-01,3014915.47,1901740.82,10
2025-09-02,3010281.17,1901740.82,10
2025-09-03,3028111.35,1901740.82,10
2025-09-04,3016808.72,1901740.82,10
2025-09-05,3012717.44,1901740.82,10
2025-09-08,3019453.39,1901740.82,10
2025-09-09,3026032.22,1901740.82,10
2025-09-10,3021805.25,1901740.82,10
2025-09-11,3019981.33,1901740.82,10
2025-09-12,3012558.44,1901740.82,10
2025-09-15,3011724.05,1901740.82,10
2025-09-16,3013940.96,1901740.82,10
2025-09-17,3018816.6,1901740.82,10
2025-09-18,3017746.29,1901740.82,10
2025-09-19,3020772.53,1901740.82,10
2025-09-22,3018272.15,1901740.82,10
2025-09-23,3018393.86,1901740.82,10
2025-09-24,3008842.68,1901740.82,10
2025-09-25,3000940.62,1901740.82,10
2025-09-26,2965567.69,1985996.42,9
2025-09-29,2962139.44,1985996.42,9
2025-09-30,2960349.32,1985996.42,9
2025-10-01,2978061.38,1985996.42,9
2025-10-02,2978061.38,1985996.42,9
2025-10-03,2981656.74,1985996.42,9
2025-10-06,2994043.31,1985996.42,9
2025-10-07,2989569.72,1985996.42,9
2025-10-08,2992468.05,1886044.58,10
2025-10-09,3004563.83,1886044.58,10
2025-10-10,3002650.9,1886044.58,10
2025-10-13,3020316.68,1886044.58,10
2025-10-14,3018929.71,1886044.58,10
2025-10-15,3021651.77,1886044.58,10
2025-10-16,3037347.21,1886044.58,10
2025-10-17,3043318.77,1886044.58,10
2025-10-20,3055350.51,1886044.58,10
2025-10-21,3054066.81,1886044.58,10
2025-10-22,3054066.81,1886044.58,10
2025-10-23,3064512.43,1886044.58,10
2025-10-24,3075980.06,1886044.58,10
2025-10-27,3084605.27,1886044.58,10
2025-10-28,3081394.47,1886044.58,10
2025-10-29,3083511.27,1886044.58,10
2025-10-30,3075746.68,1886044.58,10
2025-10-31,3067228.48,1886044.58,10
2025-11-03,3086626.55,1886044.58,10
2025-11-04,3072777.33,1886044.58,10
2025-11-05,3072777.33,1886044.58,10
2025-11-06,3048502.71,1886044.58,10
2025-11-07,3055288.51,1976569.58,9
2025-11-10,3048498.85,1877969.58,10
2025-11-11,3042021.88,1877969.58,10
2025-11-12,3042145.21,1877969.58,10
2025-11-13,3036382.22,1877969.58,10
2025-11-14,3028161.43,2053045.65,8
2025-11-17,3028963.62,2053045.65,8
2025-11-18,3023779.1,2053045.65,8
2025-11-19,3014819.77,1953405.65,9
2025-11-20,3010828.54,1854235.65,10
2025-11-21,2996622.53,1854235.65,10
2025-11-24,2996307.43,1854235.65,10
2025-11-25,2998033.23,1854235.65,10
2025-11-26,3013612.86,1854235.65,10
2025-11-27,3015616.51,1854235.65,10
2025-11-28,3022833.7,1854235.65,10
2025-12-01,3022742.15,1854235.65,10
2025-12-02,3013770.71,1854235.65,10
2025-12-03,3010595.02,1854235.65,10
2025-12-04,2990719.85,1854235.65,10
2025-12-05,2991045.58,1854235.65,10
2025-12-08,2962476.18,1854235.65,10
2025-12-09,2975113.19,1935239.97,9
2025-12-10,2968214.47,1935239.97,9
2025-12-11,2972656.92,1935239.97,9
2025-12-12,2980646.17,1935239.97,9
2025-12-15,2975172.68,1935239.97,9
2025-12-16,2970424.11,1835315.31,10
2025-12-17,2966599.17,1835315.31,10
2025-12-18,2970949.37,1835315.31,10
2025-12-19,2988265.18,1835315.31,10
2025-12-22,3003402.37,1835315.31,10
2025-12-23,3006717.32,1835315.31,10
2025-12-24,3001844.25,1835315.31,10
2025-12-26,2995567.84,1835315.31,10
2025-12-29,2995015.58,1835315.31,10
2025-12-30,2986276.48,1835315.31,10
2025-12-31,2999588.12,1835315.31,10
2026-01-01,2996424.86,1835315.31,10
2026-01-02,2997355.69,1835315.31,10
2026-01-05,2997105.19,1835315.31,10
2026-01-06,3000525.86,1835315.31,10
2026-01-07,3018438.61,1835315.31,10
2026-01-08,3001349.18,1835315.31,10
2026-01-09,2979257.53,1835315.31,10
2026-01-12,2969881.88,2015099.11,8
2026-01-13,2984562.72,2015099.11,8
2026-01-14,3000305.04,1915111.38,9
2026-01-15,3000305.04,1801247.78,10
2026-01-16,2994697.11,1801247.78,10
2026-01-19,2990365.6,1801247.78,10
2026-01-20,2967980.01,1801247.78,10
2026-01-21,2953737.84,1887022.78,9
2026-01-22,2957897.08,2114023.37,7
2026-01-23,2948628.51,2014053.77,8
2026-01-26,2948628.51,2014053.77,8
2026-01-27,2957787.83,2014053.77,8
2026-01-28,2978384.94,2014053.77,8
2026-01-29,2980584.38,2014053.77,8
2026-01-30,2964481.83,2014053.77,8
2026-02-02,2924871.29,2014053.77,8
2026-02-03,2950056.66,2014053.77,8
2026-02-04,2973302.53,1815901.77,10
2026-02-05,2956632.49,1815901.77,10
2026-02-06,2956136.57,1815901.77,10
2026-02-09,2975896.97,1815901.77,10
2026-02-10,2962843.38,1815901.77,10
2026-02-11,2959619.77,1815901.77,10
2026-02-12,2962048.35,1799517.45,10
2026-02-13,2947745.76,1799517.45,10
2026-02-16,2961825.29,1799517.45,10
2026-02-17,2969520.1,1799517.45,10
2026-02-18,2983649.93,1799517.45,10
2026-02-19,2965894.78,1799517.45,10
2026-02-20,2974691.35,1799517.45,10
2026-02-23,2969070.9,1799517.45,10
2026-02-24,2975570.86,1783912.71,10
2026-02-25,2998570.12,1783912.71,10
2026-02-26,3008157.29,1783912.71,10
2026-02-27,2997932.35,1783912.71,10
2026-03-02,2986024.85,1783912.71,10
2026-03-03,2986024.85,1783912.71,10
2026-03-04,2954316.92,1783912.71,10
2026-03-05,2974153.53,1783912.71,10
2026-03-06,2960395.06,1783912.71,10
2026-03-09,2932500.97,1783912.71,10
2026-03-10,2963007.4,1783912.71,10
2026-03-11,2939237.98,1783912.71,10
2026-03-12,2936466.86,1875075.21,9
2026-03-13,2907061.76,1875075.21,9
2026-03-16,2898282.3,1966214.41,8
2026-03-17,2913736.47,1966214.41,8
2026-03-18,2921011.58,1966214.41,8
2026-03-19,2891909.83,1966214.41,8
2026-03-20,2903237.81,1966214.41,8
2026-03-23,2862244.84,1966214.41,8
2026-03-24,2893015.77,1966214.41,8
2026-03-25,2927916.41,1966214.41,8
2026-03-26,2927916.41,1966214.41,8
2026-03-27,2906754.28,1966214.41,8
2026-03-30,2887689.83,1966214.41,8
2026-03-31,2887689.83,1966214.41,8
2026-04-01,2921479.92,1966214.41,8
2026-04-02,2918073.12,1966214.41,8
2026-04-06,2942429.31,1966214.41,8
2026-04-07,2945339.03,1966214.41,8
2026-04-08,2981114.97,1966214.41,8
2026-04-09,2988088.02,1966214.41,8
2026-04-10,3003374.34,1966214.41,8
2026-04-13,3005061.87,1966214.41,8
2026-04-14,3005061.87,1966214.41,8
2026-04-15,3019697.62,1966214.41,8
2026-04-16,3022381.13,1966214.41,8
2026-04-17,3028006.31,1966214.41,8
2026-04-20,3027107.57,1966214.41,8
2026-04-21,3033162.1,1966214.41,8
2026-04-22,3031145.26,1966214.41,8
2026-04-23,3018349.5,1966214.41,8
2026-04-24,3009142.83,1966214.41,8
2026-04-27,3029770.97,1966214.41,8
2026-04-28,3018977.66,1966214.41,8
2026-04-29,3026092.39,1966214.41,8
2026-04-30,3026076.25,1966214.41,8
2026-05-01,3026076.25,1966214.41,8
2026-05-04,3037073.71,1966214.41,8
2026-05-05,3038176.89,1966214.41,8
2026-05-06,3056694.46,1966214.41,8
2026-05-07,3072627.87,1966214.41,8
2026-05-08,3081075.86,1966214.41,8
2026-05-11,3084486.99,1966214.41,8
2026-05-12,3061743.59,1966214.41,8
2026-05-13,3068300.33,1966214.41,8
2026-05-14,3088595.16,1966214.41,8
2026-05-15,3085524.12,1966214.41,8
2026-05-18,3084734.59,1966214.41,8
2026-05-19,3097990.73,2055334.41,7
